customer,state,gender,education,customer_lifetime_value,income,monthly_premium_auto,number_of_open_complaints,policy_type,vehicle_class,total_claim_amount
RB50392,Washington,M,Master,,0.0,1000.0,0.0,Personal Auto,Four-Door Car,2.704934
QZ44356,Arizona,F,Bachelor,,0.0,94.0,0.0,Personal Auto,Four-Door Car,1131.464935
AI49188,Nevada,F,Bachelor,,48767.0,108.0,0.0,Personal Auto,Two-Door Car,566.472247
WW63253,California,M,Bachelor,,0.0,106.0,0.0,Corporate Auto,SUV,529.881344
GA49547,Washington,M,High School or Below,,36357.0,68.0,0.0,Personal Auto,Four-Door Car,17.269323
OC83172,Oregon,F,Bachelor,,62902.0,69.0,0.0,Personal Auto,Two-Door Car,159.383042
XZ87318,Oregon,F,College,,55350.0,67.0,0.0,Corporate Auto,Four-Door Car,321.6
CF85061,Arizona,M,Master,,0.0,101.0,0.0,Corporate Auto,Four-Door Car,363.02968
DY87989,Oregon,M,Bachelor,,14072.0,71.0,0.0,Corporate Auto,Four-Door Car,511.2
BQ94931,Oregon,F,College,,28812.0,93.0,0.0,Special Auto,Four-Door Car,425.527834
SX51350,California,M,College,,0.0,67.0,0.0,Personal Auto,Four-Door Car,482.4
VQ65197,California,M,College,,0.0,110.0,0.0,Personal Auto,SUV,528.0
DP39365,California,M,Master,,77026.0,110.0,2.0,Corporate Auto,Four-Door Car,472.029737
SJ95423,Arizona,M,High School or Below,,99845.0,110.0,1.0,Corporate Auto,SUV,528.0
IL66569,California,M,College,,83689.0,70.0,2.0,Corporate Auto,Four-Door Car,307.139132
BW63560,Oregon,M,Bachelor,,24599.0,64.0,1.0,Corporate Auto,Four-Door Car,42.920271
FV94802,Nevada,M,High School or Below,,25049.0,67.0,0.0,Personal Auto,Two-Door Car,454.245098
OE15005,California,M,College,,28855.0,101.0,0.0,Personal Auto,SUV,647.442031
WC83389,Oregon,M,College,,51148.0,72.0,0.0,Personal Auto,Four-Door Car,308.981664
FL50705,California,M,High School or Below,,66140.0,101.0,0.0,Corporate Auto,Four-Door Car,484.8
ZK25313,Oregon,M,High School or Below,,57749.0,74.0,0.0,Personal Auto,Two-Door Car,355.2
QK46697,Washington,M,Bachelor,,61040.0,79.0,1.0,Personal Auto,Two-Door Car,20.382876
YH23384,Arizona,M,Bachelor,,14072.0,71.0,0.0,Personal Auto,Four-Door Car,511.2
TZ98966,Nevada,M,Bachelor,,0.0,73.0,3.0,Corporate Auto,Four-Door Car,554.376763
HM55802,California,M,Bachelor,,17870.0,61.0,0.0,Corporate Auto,Four-Door Car,439.2
FS42516,Oregon,M,College,,97541.0,72.0,0.0,Personal Auto,Four-Door Car,389.185006
US89481,California,M,Bachelor,,0.0,111.0,0.0,Personal Auto,Four-Door Car,799.2
HS14476,Washington,M,College,,29723.0,80.0,0.0,Personal Auto,Four-Door Car,20.985105
GE62437,Arizona,M,College,,86584.0,111.0,2.0,Personal Auto,Four-Door Car,532.8
EJ77678,Oregon,M,Master,,75690.0,80.0,1.0,Personal Auto,Four-Door Car,384.0
SV85652,Arizona,M,College,,23158.0,63.0,1.0,Personal Auto,Four-Door Car,322.294043
UL64533,Nevada,M,High School or Below,,65999.0,237.0,0.0,Corporate Auto,Luxury,615.927769
PF41800,California,M,Bachelor,,0.0,65.0,0.0,Personal Auto,Four-Door Car,308.15089
HD95276,Washington,F,College,,0.0,130.0,0.0,Personal Auto,SUV,23.820158
SK67821,Oregon,M,Bachelor,,37260.0,62.0,0.0,Corporate Auto,Four-Door Car,15.437681
YV55495,Arizona,M,High School or Below,,68987.0,71.0,0.0,Personal Auto,Four-Door Car,204.475147
KY38074,California,M,Bachelor,,42305.0,117.0,0.0,Personal Auto,Four-Door Car,561.6
DM79012,Oregon,M,Master,,65706.0,91.0,0.0,Personal Auto,Four-Door Car,436.8
CM61827,Oregon,M,Bachelor,,0.0,90.0,0.0,Personal Auto,Two-Door Car,648.0
WC35801,Arizona,M,High School or Below,,53243.0,66.0,2.0,Personal Auto,Four-Door Car,157.397849
QG25316,Nevada,M,High School or Below,,0.0,70.0,1.0,Corporate Auto,Two-Door Car,484.318536
MB98372,Oregon,M,College,,50071.0,71.0,0.0,Corporate Auto,Two-Door Car,18.918935
IL19217,California,M,Bachelor,,60021.0,99.0,0.0,Personal Auto,Four-Door Car,882.871945
SR38658,Arizona,M,High School or Below,,43244.0,103.0,0.0,Personal Auto,Luxury,494.4
YD87931,Washington,M,Doctor,,46896.0,35354.0,1.0,Personal Auto,Four-Door Car,31.707317
HG65722,Oregon,M,Doctor,,10105.0,172.0,3.0,Personal Auto,SUV,0.517753
BU27331,Arizona,M,Bachelor,,0.0,73.0,3.0,Personal Auto,Four-Door Car,579.165954
XM45289,Oregon,M,High School or Below,,23218.0,71.0,0.0,Personal Auto,Two-Door Car,447.79344
KP34198,California,M,Bachelor,,0.0,92.0,0.0,Corporate Auto,Four-Door Car,529.624084
SH90947,Arizona,M,High School or Below,,0.0,62.0,0.0,Personal Auto,Four-Door Car,313.023175
WE95729,Oregon,M,College,,24804.0,104.0,0.0,Personal Auto,SUV,593.830288
PY51963,California,M,Bachelor,,33190.0,106.0,0.0,Corporate Auto,SUV,508.8
RB69909,Nevada,M,High School or Below,,36014.0,69.0,3.0,Special Auto,Four-Door Car,173.956072
NW21079,Washington,F,Master,,67163.0,61.0,2.0,Personal Auto,Two-Door Car,33.192803
FR46645,California,M,Bachelor,,16701.0,113.0,0.0,Personal Auto,Four-Door Car,831.625979
SY17488,Arizona,M,College,,46623.0,91.0,0.0,Corporate Auto,Four-Door Car,436.8
AP67935,California,M,College,,64749.0,64.0,0.0,Special Auto,Four-Door Car,302.56519
FS37417,Arizona,M,High School or Below,,0.0,101.0,0.0,Personal Auto,SUV,484.8
ML29312,Oregon,M,High School or Below,,16969.0,124.0,2.0,Personal Auto,SUV,704.768111
UB61619,Oregon,M,Master,,11621.0,108.0,0.0,Personal Auto,Four-Door Car,518.4
CD86811,Arizona,M,Bachelor,,17622.0,65.0,1.0,Personal Auto,Four-Door Car,312.0
RU83859,California,M,Bachelor,,11489.0,105.0,0.0,Personal Auto,Two-Door Car,504.0
FG63582,Oregon,M,Bachelor,,0.0,94.0,0.0,Personal Auto,Two-Door Car,863.327324
NN71951,California,M,High School or Below,,66525.0,100.0,0.0,Personal Auto,SUV,104.331355
WB37082,Arizona,M,Bachelor,,0.0,63.0,0.0,Personal Auto,Four-Door Car,676.391482
SM52139,Washington,M,College,,33663.0,73.0,0.0,Personal Auto,Four-Door Car,350.4
FL82372,Oregon,M,College,,22547.0,112.0,0.0,Corporate Auto,SUV,537.6
DP45816,Arizona,M,High School or Below,,61486.0,97.0,0.0,Personal Auto,Two-Door Car,465.258644
GW33762,Oregon,M,Bachelor,,0.0,95.0,0.0,Personal Auto,Two-Door Car,456.0
RZ33670,California,M,College,,29879.0,102.0,0.0,Personal Auto,Four-Door Car,500.254235
PY70169,Oregon,M,High School or Below,,93011.0,113.0,0.0,Personal Auto,SUV,281.451042
MO91628,Oregon,M,Master,,65186.0,65.0,0.0,Personal Auto,Two-Door Car,5.434505
HW87852,Oregon,M,Master,,26840.0,64.0,2.0,Personal Auto,Four-Door Car,307.2
HB20453,Oregon,F,Bachelor,,0.0,104.0,1.0,Personal Auto,Luxury,982.399613
BN87372,Oregon,F,Bachelor,,75644.0,65.0,3.0,Personal Auto,Two-Door Car,467.803638
YX23800,Oregon,F,Bachelor,,38984.0,73.0,0.0,Personal Auto,Four-Door Car,350.4
DZ87709,Oregon,F,High School or Below,,71811.0,71.0,0.0,Personal Auto,Four-Door Car,29.03416
XW13033,Nevada,F,College,,20961.0,67.0,0.0,Personal Auto,Four-Door Car,321.6
SP81997,Washington,F,Master,,41275.0,96.0,0.0,Personal Auto,Four-Door Car,41.122303
OM82309,California,F,Bachelor,,61321.0,186.0,1.0,Personal Auto,Luxury,427.63121
ZU35962,California,F,College,,0.0,77.0,0.0,Personal Auto,Two-Door Car,25.807685
VH85817,California,F,High School or Below,,51066.0,74.0,0.0,Personal Auto,Four-Door Car,787.993313
DT85712,California,F,Doctor,,34378.0,102.0,0.0,Personal Auto,SUV,489.6
YJ88573,Nevada,F,Master,,43072.0,63.0,0.0,Personal Auto,Four-Door Car,302.4
SQ19467,Oregon,F,College,,25222.0,90.0,0.0,Personal Auto,Four-Door Car,475.623251
YB66933,Washington,F,Bachelor,,77552.0,68.0,1.0,Corporate Auto,Four-Door Car,45.215059
ET79815,California,F,College,,23091.0,96.0,5.0,Personal Auto,Four-Door Car,460.8
QC35222,California,F,Bachelor,,48269.0,69.0,3.0,Corporate Auto,Four-Door Car,282.151207
CJ15590,Oregon,F,Bachelor,,32720.0,67.0,0.0,Personal Auto,Four-Door Car,321.6
OI48267,California,F,College,,20396.0,76.0,1.0,Personal Auto,Four-Door Car,364.8
JY67916,Oregon,F,College,,21513.0,119.0,1.0,Personal Auto,Two-Door Car,679.827592
OW15518,Washington,F,College,,0.0,87.0,1.0,Personal Auto,Two-Door Car,46.041452
CZ33664,Oregon,F,Bachelor,,80744.0,63.0,0.0,Corporate Auto,Four-Door Car,11.879037
WK30175,Oregon,F,Bachelor,,52822.0,67.0,0.0,Corporate Auto,Two-Door Car,350.529033
ON44465,California,F,High School or Below,,0.0,77.0,1.0,Personal Auto,Four-Door Car,863.3947
TV87155,Oregon,F,Bachelor,,69738.0,74.0,1.0,Personal Auto,Four-Door Car,492.127532
KH48895,Arizona,F,Master,,17780.0,109.0,0.0,Personal Auto,SUV,132.588288
NZ30757,California,F,Bachelor,,18107.0,62.0,0.0,Personal Auto,Four-Door Car,297.6
RI22468,Arizona,F,Bachelor,,57740.0,74.0,3.0,Personal Auto,Four-Door Car,269.905129
FZ30935,Oregon,F,College,,32627.0,76.0,0.0,Personal Auto,Two-Door Car,380.036697
UG93476,California,F,College,,0.0,107.0,0.0,Personal Auto,SUV,513.6
AB96670,California,F,College,,0.0,70.0,0.0,Personal Auto,Four-Door Car,425.266308
XK64261,Oregon,F,Bachelor,,65795.0,62.0,1.0,Corporate Auto,Two-Door Car,49.011099
EV68375,California,F,College,,60475.0,107.0,0.0,Personal Auto,Four-Door Car,513.6
UN51653,California,F,High School or Below,,0.0,130.0,0.0,Personal Auto,SUV,936.0
TO96662,Oregon,F,Bachelor,,41837.0,88.0,0.0,Personal Auto,Four-Door Car,142.062768
MR52087,California,F,Bachelor,,32303.0,65.0,0.0,Personal Auto,Four-Door Car,45.152521
DE75225,Oregon,F,High School or Below,,0.0,117.0,1.0,Personal Auto,SUV,561.6
EP80820,California,F,Bachelor,,40531.0,74.0,0.0,Personal Auto,Two-Door Car,30.567357
GU99037,Oregon,F,College,,79898.0,62.0,1.0,Corporate Auto,Four-Door Car,271.606799
WI57118,California,F,College,,56398.0,85.0,0.0,Personal Auto,Four-Door Car,408.0
GP39118,Washington,M,High School or Below,,71600.0,63.0,0.0,Personal Auto,Two-Door Car,46.158117
MQ14219,Arizona,F,College,,27804.0,109.0,0.0,Personal Auto,SUV,784.8
KN20603,Oregon,F,Bachelor,,45506.0,66.0,2.0,Personal Auto,Four-Door Car,316.8
SG20925,Washington,F,Master,,99428.0,6464.0,1.0,Personal Auto,Four-Door Car,48.046869
JI70886,California,F,High School or Below,,0.0,102.0,1.0,Corporate Auto,SUV,489.6
VF72557,Oregon,F,High School or Below,,20993.0,133.0,0.0,Personal Auto,SUV,638.4
OX28638,Arizona,F,High School or Below,,37839.0,86.0,0.0,Personal Auto,Two-Door Car,465.633954
SK55033,California,F,Bachelor,,92711.0,62.0,0.0,Personal Auto,Two-Door Car,368.400146
OO88645,California,F,College,,74665.0,78.0,2.0,Corporate Auto,Four-Door Car,236.902001
FM14335,Washington,F,College,,61108.0,89.0,0.0,Personal Auto,Four-Door Car,49.451117
CW82151,California,F,Bachelor,,46833.0,112.0,0.0,Personal Auto,Luxury,64.109663
DY22043,Oregon,F,High School or Below,,88768.0,68.0,0.0,Personal Auto,Two-Door Car,326.4
SH36774,California,F,High School or Below,,28262.0,192.0,0.0,Personal Auto,Luxury,921.6
EM43724,Nevada,F,Bachelor,,33555.0,63.0,0.0,Personal Auto,Four-Door Car,101.89645
FH85960,Oregon,F,College,,42780.0,113.0,1.0,Personal Auto,Four-Door Car,542.4
XA55993,Oregon,F,Master,,58850.0,78.0,0.0,Personal Auto,Four-Door Car,143.747794
GO36627,Arizona,F,College,,21880.0,97.0,0.0,Special Auto,Four-Door Car,424.077159
QH48047,Oregon,F,College,,25251.0,66.0,0.0,Personal Auto,Four-Door Car,316.8
HS28694,Washington,F,High School or Below,,25317.0,71.0,0.0,Personal Auto,Two-Door Car,50.422181
UH65059,Arizona,F,High School or Below,,24188.0,109.0,0.0,Personal Auto,Luxury,523.2
FV21968,Nevada,F,Bachelor,,41611.0,74.0,0.0,Special Auto,Four-Door Car,113.801497
QA87025,Oregon,F,Bachelor,,28406.0,72.0,1.0,Personal Auto,Four-Door Car,192.87572
TQ13499,Arizona,F,College,,69833.0,118.0,0.0,Personal Auto,Four-Door Car,828.662719
BU44523,Arizona,F,High School or Below,,0.0,74.0,0.0,Corporate Auto,Four-Door Car,532.8
MS41162,Arizona,F,High School or Below,,0.0,117.0,0.0,Personal Auto,SUV,975.107098
PU25891,Oregon,F,High School or Below,,80536.0,119.0,0.0,Special Auto,Luxury,53.798708
LH92841,Washington,F,Bachelor,,88891.0,89.0,0.0,Personal Auto,Four-Door Car,50.528355
SX26335,Oregon,F,College,,97732.0,79.0,0.0,Personal Auto,Four-Door Car,289.9122
AZ95587,Arizona,F,Bachelor,,61222.0,89.0,0.0,Special Auto,Four-Door Car,392.604371
DS81757,Oregon,M,College,,0.0,74.0,0.0,Personal Auto,Two-Door Car,721.242206
OJ94107,Arizona,M,Master,,50335.0,140.0,0.0,Personal Auto,SUV,456.52385
LP84436,California,F,High School or Below,,0.0,127.0,0.0,Personal Auto,Luxury,1087.995426
FF22360,Washington,F,Doctor,,82210.0,68.0,4.0,Personal Auto,Four-Door Car,51.961915
LM19287,Oregon,F,High School or Below,,0.0,96.0,0.0,Personal Auto,Four-Door Car,460.8
ZU18643,Nevada,M,Bachelor,,64495.0,92.0,0.0,Corporate Auto,Four-Door Car,251.992083
AZ82578,California,F,College,,0.0,72.0,0.0,Corporate Auto,Four-Door Car,345.6
XC67861,Arizona,F,Bachelor,,28859.0,67.0,3.0,Corporate Auto,Two-Door Car,321.6
YC43143,Arizona,F,High School or Below,,77330.0,99.0,0.0,Personal Auto,Four-Door Car,99.257608
EK59571,Oregon,M,College,,0.0,105.0,0.0,Corporate Auto,Four-Door Car,504.0
PA38372,Washington,F,High School or Below,,33060.0,117.0,0.0,Personal Auto,Four-Door Car,56.731578
RO18530,Washington,M,Master,,42557.0,65.0,0.0,Personal Auto,Four-Door Car,57.562324
PD27940,Arizona,M,High School or Below,,26372.0,126.0,0.0,Personal Auto,SUV,604.8
BS77946,Arizona,F,Bachelor,,17514.0,127.0,0.0,Personal Auto,SUV,8.312729
YM50253,California,F,Bachelor,,89270.0,74.0,0.0,Personal Auto,Four-Door Car,316.599228
NR15332,California,M,High School or Below,,29757.0,65.0,0.0,Personal Auto,Four-Door Car,312.0
RC62865,Oregon,M,College,,51814.0,92.0,0.0,Personal Auto,Four-Door Car,56.300724
CC15295,Oregon,F,Bachelor,,24028.0,82.0,0.0,Personal Auto,Four-Door Car,393.6
KA61892,Arizona,M,College,,28142.0,105.0,0.0,Personal Auto,Luxury,701.708239
OS94884,Arizona,F,Bachelor,,52705.0,64.0,1.0,Personal Auto,Two-Door Car,128.705563
ND87334,California,M,High School or Below,,0.0,63.0,0.0,Corporate Auto,Two-Door Car,679.368378
OY51402,Washington,F,High School or Below,,54040.0,103.0,0.0,Personal Auto,SUV,59.987126
YL74911,California,F,College,,0.0,118.0,0.0,Personal Auto,SUV,566.4
GK92563,Washington,F,Doctor,,22492.0,85.0,0.0,Personal Auto,Two-Door Car,61.654262
HL53154,California,M,Bachelor,,0.0,77.0,2.0,Personal Auto,Four-Door Car,554.4
RI78966,Oregon,M,Master,,21876.0,68.0,0.0,Personal Auto,Four-Door Car,465.41477
IC13702,California,F,Bachelor,,0.0,69.0,1.0,Personal Auto,Four-Door Car,496.8
BE10809,California,F,High School or Below,,0.0,61.0,1.0,Personal Auto,Four-Door Car,292.8
HT87217,Oregon,F,High School or Below,,70699.0,82.0,0.0,Personal Auto,Four-Door Car,256.813837
TH95618,California,F,High School or Below,,0.0,74.0,1.0,Personal Auto,Four-Door Car,355.2
TS19868,California,M,College,,27501.0,63.0,0.0,Personal Auto,Four-Door Car,542.319401
LP45550,Oregon,F,Doctor,,15897.0,101.0,0.0,Personal Auto,Four-Door Car,303.148399
QR87004,Nevada,F,College,,25141.0,73.0,1.0,Personal Auto,Four-Door Car,25.438063
OE75747,Nevada,F,College,,0.0,61.0,3.0,Personal Auto,Four-Door Car,292.8
DX91392,California,M,High School or Below,,51066.0,74.0,0.0,Personal Auto,Four-Door Car,787.993313
AB72731,California,F,Bachelor,,28358.0,117.0,0.0,Personal Auto,Luxury,84.024413
GX84338,Washington,F,Doctor,,62530.0,95.0,0.0,Personal Auto,Four-Door Car,61.693771
IS12901,Arizona,F,Bachelor,,90972.0,74.0,0.0,Personal Auto,Two-Door Car,232.926145
BN90616,Washington,F,Bachelor,,63110.0,72.0,0.0,Personal Auto,Four-Door Car,68.179721
HH90090,California,F,Bachelor,,29549.0,104.0,0.0,Personal Auto,Luxury,710.433775
IU25463,California,F,Bachelor,,0.0,115.0,1.0,Personal Auto,Four-Door Car,552.0
KC11055,Nevada,F,Bachelor,,39411.0,217.0,2.0,Personal Auto,Luxury,1122.658899
PD33979,Oregon,M,High School or Below,,21709.0,62.0,0.0,Personal Auto,Four-Door Car,408.374746
NK71023,Nevada,M,Bachelor,,67890.0,85.0,0.0,Personal Auto,Four-Door Car,408.0
AB13432,California,M,Bachelor,,0.0,110.0,0.0,Personal Auto,SUV,792.0
OZ97704,California,F,High School or Below,,84311.0,111.0,4.0,Personal Auto,SUV,532.8
UF46533,California,F,College,,99316.0,114.0,0.0,Corporate Auto,SUV,754.358929
XP47431,Arizona,F,Bachelor,,54507.0,138.0,0.0,Personal Auto,SUV,702.990032
GK73582,California,F,Bachelor,,64586.0,76.0,0.0,Personal Auto,Four-Door Car,206.837111
RV98763,Oregon,M,College,,61709.0,82.0,2.0,Personal Auto,Four-Door Car,275.395894
II62831,California,M,Master,,94656.0,111.0,1.0,Special Auto,SUV,459.738128
XK33449,California,F,High School or Below,,0.0,69.0,0.0,Special Auto,Two-Door Car,496.8
TR85083,California,M,Bachelor,,61085.0,70.0,1.0,Personal Auto,Two-Door Car,336.0
EO95328,Oregon,F,Bachelor,,89284.0,67.0,3.0,Personal Auto,Two-Door Car,321.6
EN21086,Arizona,F,High School or Below,,0.0,63.0,0.0,Personal Auto,Four-Door Car,302.4
YL83902,Washington,F,Bachelor,,31686.0,81.0,0.0,Personal Auto,Four-Door Car,430.994107
AZ62651,Oregon,M,High School or Below,,56855.0,255.0,0.0,Corporate Auto,Luxury,1836.0
ZW25874,Oregon,M,Bachelor,,53703.0,67.0,2.0,Special Auto,Four-Door Car,67.632476
EH41854,Washington,F,High School or Below,,0.0,96.0,1.0,Personal Auto,Two-Door Car,844.481918
MW70227,California,M,College,,20396.0,76.0,1.0,Personal Auto,Four-Door Car,364.8
SL22297,California,F,Master,,27679.0,150.0,0.0,Personal Auto,SUV,722.486994
RV14138,Nevada,F,Bachelor,,23904.0,123.0,3.0,Personal Auto,SUV,590.4
UO62808,Arizona,F,High School or Below,,65351.0,69.0,0.0,Corporate Auto,Four-Door Car,481.027516
ZX64745,California,M,College,,0.0,113.0,0.0,Personal Auto,SUV,1124.427734
FL34139,California,M,High School or Below,,0.0,63.0,3.0,Personal Auto,Four-Door Car,669.682001
TS11219,California,M,College,,0.0,116.0,0.0,Personal Auto,SUV,1284.093173
XX12304,California,F,College,,64459.0,72.0,0.0,Personal Auto,Four-Door Car,240.259479
SD64087,California,M,College,,32961.0,190.0,0.0,Corporate Auto,SUV,912.0
OY38576,Oregon,F,High School or Below,,71416.0,116.0,0.0,Corporate Auto,SUV,556.8
BG76355,Washington,F,Bachelor,,68964.0,78.0,0.0,Personal Auto,Four-Door Car,115.086827
IP66913,California,M,High School or Below,,78108.0,98.0,0.0,Personal Auto,Two-Door Car,470.4
LE95702,California,M,College,,10621.0,67.0,0.0,Special Auto,Four-Door Car,321.6
KX54357,Washington,M,College,,84910.0,95.0,0.0,Corporate Auto,Two-Door Car,383.167471
EZ78112,California,F,High School or Below,,77493.0,70.0,0.0,Special Auto,Four-Door Car,307.963291
XN16891,Arizona,M,College,,81097.0,74.0,0.0,Personal Auto,Four-Door Car,355.2
XK31350,Oregon,F,College,,96610.0,85.0,0.0,Corporate Auto,Four-Door Car,520.364752
CC30924,Oregon,M,College,,30110.0,159.0,0.0,Corporate Auto,Luxury,466.436375
IT78748,Oregon,F,High School or Below,,22081.0,84.0,0.0,Special Auto,Two-Door Car,451.670309
KY33386,Washington,F,High School or Below,,0.0,112.0,0.0,Personal Auto,Luxury,537.6
CO44221,California,M,College,,98473.0,72.0,0.0,Personal Auto,Four-Door Car,345.6
LK60013,Oregon,F,Bachelor,,97431.0,74.0,0.0,Personal Auto,Four-Door Car,355.2
DE21533,California,M,Bachelor,,93870.0,69.0,0.0,Personal Auto,Four-Door Car,331.2
YS94121,Nevada,M,High School or Below,,50366.0,72.0,0.0,Personal Auto,Four-Door Car,428.734656
UK68427,Washington,M,High School or Below,,34498.0,83.0,0.0,Personal Auto,Two-Door Car,398.4
TE49565,Oregon,F,College,,16552.0,103.0,0.0,Personal Auto,SUV,494.4
RA88421,Oregon,F,College,,26787.0,77.0,0.0,Personal Auto,Four-Door Car,369.6
KQ51983,Nevada,M,College,,0.0,74.0,0.0,Personal Auto,Two-Door Car,831.752839
CD88896,Nevada,F,High School or Below,,43860.0,65.0,0.0,Corporate Auto,Four-Door Car,156.124914
YV22553,Arizona,M,High School or Below,,21474.0,114.0,2.0,Corporate Auto,SUV,373.428187
WU14435,California,M,Bachelor,,18174.0,66.0,0.0,Corporate Auto,Four-Door Car,395.934815
XV84099,Arizona,F,Bachelor,,0.0,73.0,0.0,Corporate Auto,Four-Door Car,350.4
RI24911,Arizona,M,College,,60920.0,64.0,0.0,Personal Auto,Two-Door Car,231.201886
KO26461,Arizona,M,High School or Below,,41520.0,90.0,0.0,Personal Auto,Four-Door Car,289.904105
HI14283,Oregon,F,Bachelor,,0.0,152.0,0.0,Personal Auto,SUV,729.6
PT50227,Arizona,M,High School or Below,,0.0,68.0,0.0,Personal Auto,Two-Door Car,326.4
BH36570,California,M,Bachelor,,72208.0,73.0,0.0,Personal Auto,Two-Door Car,350.4
TX17484,California,F,Bachelor,,53863.0,63.0,0.0,Personal Auto,Four-Door Car,105.765111
CT41158,Washington,M,College,,66446.0,136.0,0.0,Corporate Auto,SUV,639.464548
AO87348,Washington,M,College,,0.0,61.0,0.0,Personal Auto,Four-Door Car,292.8
DE55857,Washington,F,Bachelor,,64997.0,63.0,1.0,Personal Auto,Four-Door Car,383.442328
LF66923,Nevada,F,High School or Below,,64460.0,66.0,0.0,Corporate Auto,Two-Door Car,316.8
CN24514,Arizona,F,College,,46618.0,67.0,0.0,Personal Auto,Four-Door Car,99.085943
UW32074,Oregon,F,College,,0.0,64.0,0.0,Corporate Auto,Four-Door Car,307.2
HP36979,California,M,College,,49988.0,84.0,5.0,Personal Auto,Two-Door Car,566.935022
PP40919,California,F,College,,0.0,91.0,5.0,Personal Auto,Two-Door Car,436.8
RO73268,California,M,Bachelor,,16269.0,86.0,0.0,Corporate Auto,Two-Door Car,412.8
HO61691,Arizona,F,Bachelor,,72006.0,64.0,0.0,Personal Auto,Four-Door Car,307.2
BS13062,Arizona,F,High School or Below,,0.0,81.0,2.0,Personal Auto,Four-Door Car,388.8
FO35655,Oregon,M,Bachelor,,0.0,245.0,0.0,Corporate Auto,Luxury,2345.413441
HR10526,California,M,Master,,44320.0,67.0,0.0,Personal Auto,Four-Door Car,321.6
IA63417,Arizona,F,High School or Below,,19782.0,108.0,0.0,Personal Auto,Two-Door Car,773.470977
BH35016,Nevada,F,Bachelor,,63933.0,70.0,0.0,Personal Auto,Two-Door Car,424.883448
PK52952,Arizona,M,Doctor,,28224.0,109.0,0.0,Personal Auto,SUV,523.2
OD76309,Washington,F,College,,21073.0,106.0,1.0,Personal Auto,SUV,508.8
IL28481,Oregon,M,Bachelor,,63243.0,77.0,0.0,Personal Auto,Four-Door Car,364.240307
GY55092,Nevada,M,High School or Below,,20993.0,133.0,0.0,Personal Auto,SUV,638.4
UF33451,Oregon,F,Bachelor,,94827.0,135.0,0.0,Personal Auto,SUV,354.729129
CF15558,California,F,Master,,39161.0,63.0,1.0,Personal Auto,Two-Door Car,283.995953
JM62924,Washington,M,Bachelor,,37534.0,84.0,2.0,Personal Auto,Four-Door Car,403.2
EM66435,Oregon,F,Bachelor,,80210.0,65.0,0.0,Corporate Auto,Four-Door Car,20.543176
QX45933,California,M,Bachelor,,0.0,62.0,0.0,Personal Auto,Four-Door Car,385.115437
JI71369,California,F,College,,30110.0,64.0,0.0,Personal Auto,Four-Door Car,140.165035
JU93290,Arizona,F,College,,21708.0,68.0,0.0,Personal Auto,Four-Door Car,326.4
GU66096,Arizona,M,High School or Below,,94731.0,67.0,0.0,Personal Auto,Four-Door Car,321.6
UC33108,California,M,Bachelor,,32375.0,83.0,0.0,Personal Auto,Four-Door Car,398.4
LW93867,Oregon,M,College,,16531.0,63.0,0.0,Corporate Auto,Four-Door Car,102.879769
OU78470,Arizona,F,Master,,32006.0,94.0,0.0,Corporate Auto,Four-Door Car,56.868289
XW90265,Arizona,F,Bachelor,,81676.0,72.0,0.0,Personal Auto,Two-Door Car,463.158502
HS67749,California,M,College,,71038.0,86.0,0.0,Corporate Auto,Four-Door Car,205.444066
VZ51506,Arizona,F,High School or Below,,0.0,103.0,0.0,Corporate Auto,Luxury,741.6
UI64281,Nevada,F,Master,,20832.0,65.0,0.0,Personal Auto,Two-Door Car,56.371967
AE98193,Washington,M,High School or Below,,0.0,113.0,0.0,Personal Auto,SUV,813.6
AZ74055,Oregon,M,High School or Below,,52405.0,103.0,0.0,Personal Auto,Four-Door Car,494.4
XS76911,Arizona,F,High School or Below,,0.0,133.0,0.0,Personal Auto,Luxury,795.864079
AY40674,Washington,F,Bachelor,,26583.0,1005.0,4.0,Personal Auto,SUV,614.4
NA12740,Oregon,M,Master,,25486.0,65.0,0.0,Special Auto,Two-Door Car,72.438681
UA84837,Arizona,M,College,,24065.0,111.0,0.0,Corporate Auto,Four-Door Car,532.8
DJ51510,Arizona,F,High School or Below,,70435.0,116.0,0.0,Personal Auto,Four-Door Car,67.881546
VM58985,California,M,College,,0.0,76.0,2.0,Personal Auto,Two-Door Car,402.636829
OH60605,Oregon,F,High School or Below,,39679.0,92.0,0.0,Personal Auto,Two-Door Car,641.388616
UO98052,Nevada,M,College,,0.0,89.0,0.0,Personal Auto,Four-Door Car,342.481173
NC53424,California,M,Bachelor,,0.0,69.0,4.0,Personal Auto,Two-Door Car,331.2
LQ13873,Nevada,M,High School or Below,,53565.0,71.0,1.0,Personal Auto,Four-Door Car,340.8
LA97014,Washington,M,Bachelor,,37574.0,66.0,1.0,Personal Auto,Two-Door Car,412.101933
NB79936,Washington,M,Bachelor,,48259.0,108.0,0.0,Personal Auto,Two-Door Car,73.700573
NT89061,Arizona,F,High School or Below,,78532.0,78.0,0.0,Personal Auto,Four-Door Car,374.4
AF10970,Arizona,F,Bachelor,,96163.0,73.0,0.0,Corporate Auto,Four-Door Car,350.4
ZG48513,California,M,Bachelor,,0.0,72.0,0.0,Personal Auto,Four-Door Car,345.6
JQ59145,California,M,High School or Below,,0.0,114.0,1.0,Personal Auto,Luxury,722.024742
FE84989,Washington,M,College,,72672.0,63.0,0.0,Personal Auto,Four-Door Car,259.361117
JT52858,Oregon,F,Bachelor,,99002.0,112.0,1.0,Personal Auto,Four-Door Car,537.6
MC62068,California,M,High School or Below,,79494.0,91.0,0.0,Personal Auto,Four-Door Car,396.295614
EU27538,Oregon,M,Master,,35704.0,225.0,0.0,Personal Auto,Luxury,358.281562
RH42306,Arizona,F,Bachelor,,0.0,71.0,0.0,Corporate Auto,Four-Door Car,653.388564
US23612,Oregon,F,High School or Below,,26049.0,118.0,0.0,Personal Auto,Two-Door Car,121.032372
WV76014,Arizona,M,Doctor,,70125.0,64.0,0.0,Special Auto,Four-Door Car,92.813396
RK96223,California,M,College,,52369.0,110.0,1.0,Personal Auto,SUV,528.0
MF82000,Washington,F,Bachelor,,0.0,66.0,2.0,Special Auto,Four-Door Car,159.636956
FM46980,Arizona,M,College,,41770.0,72.0,0.0,Personal Auto,Four-Door Car,476.156957
SY56792,Oregon,M,High School or Below,,0.0,101.0,0.0,Corporate Auto,Four-Door Car,727.2
RF61565,California,M,College,,31911.0,67.0,0.0,Personal Auto,Four-Door Car,321.6
IM94808,Nevada,M,Bachelor,,70051.0,68.0,0.0,Corporate Auto,Four-Door Car,42.078345
VI14730,Oregon,M,High School or Below,,19683.0,117.0,1.0,Personal Auto,Luxury,561.6
YR34119,Washington,F,College,,30916.0,112.0,0.0,Personal Auto,SUV,200.11606
RR77985,Oregon,F,Bachelor,,0.0,80.0,0.0,Personal Auto,Four-Door Car,676.944023
QD28391,Washington,M,College,,84302.0,62.0,0.0,Personal Auto,Four-Door Car,76.609295
WV17090,California,M,Bachelor,,0.0,116.0,0.0,Corporate Auto,SUV,830.623064
TM23514,Oregon,M,College,,60145.0,132.0,0.0,Personal Auto,SUV,580.473259
MQ68407,Oregon,F,Bachelor,,63774.0,111.0,0.0,Personal Auto,Four-Door Car,60.036683
GJ59592,California,F,Bachelor,,25134.0,67.0,0.0,Corporate Auto,Four-Door Car,321.6
FY56083,Oregon,M,Bachelor,,37057.0,61.0,1.0,Personal Auto,Four-Door Car,47.53101
UA94723,Oregon,F,High School or Below,,58577.0,110.0,0.0,Personal Auto,SUV,303.872752
FW91032,California,M,High School or Below,,85857.0,73.0,0.0,Corporate Auto,Four-Door Car,100.620067
DE34457,Oregon,F,Doctor,,70602.0,116.0,0.0,Personal Auto,SUV,481.339891
HD32044,Oregon,F,Master,,33816.0,106.0,2.0,Corporate Auto,Four-Door Car,508.8
HH30454,Oregon,M,Bachelor,,0.0,153.0,0.0,Personal Auto,SUV,1101.6
AH84063,Oregon,F,College,,89642.0,121.0,4.0,Corporate Auto,SUV,86.320022
QA17596,California,F,Bachelor,,60068.0,98.0,0.0,Personal Auto,Two-Door Car,470.4
XI41052,California,F,Bachelor,,50044.0,139.0,0.0,Personal Auto,SUV,667.2
DI30528,California,F,Master,,36650.0,69.0,1.0,Personal Auto,Four-Door Car,56.60333
SC66359,Arizona,F,College,,50653.0,110.0,0.0,Corporate Auto,SUV,262.865172
EN61670,Arizona,F,Doctor,,68931.0,66.0,0.0,Personal Auto,Four-Door Car,309.577946
DQ10761,Oregon,M,Bachelor,,0.0,73.0,1.0,Corporate Auto,Four-Door Car,350.4
BQ51587,California,F,College,,0.0,73.0,0.0,Personal Auto,Four-Door Car,365.364581
JE21522,California,M,Bachelor,,39266.0,80.0,0.0,Personal Auto,Four-Door Car,384.0
WS47147,California,M,College,,0.0,102.0,0.0,Personal Auto,SUV,489.6
ZA64638,Nevada,F,High School or Below,,0.0,98.0,1.0,Personal Auto,Four-Door Car,705.6
EW38459,Nevada,F,Bachelor,,40864.0,65.0,0.0,Corporate Auto,Four-Door Car,9.51528
QW87316,Oregon,F,College,,39035.0,68.0,0.0,Personal Auto,Four-Door Car,244.564334
IC43478,California,M,Bachelor,,34923.0,98.0,0.0,Personal Auto,Two-Door Car,639.105556
TE34064,California,M,High School or Below,,0.0,63.0,0.0,Personal Auto,Four-Door Car,453.6
WU60905,California,F,High School or Below,,0.0,111.0,0.0,Corporate Auto,SUV,532.8
YM18992,California,F,College,,24506.0,71.0,0.0,Personal Auto,Two-Door Car,511.2
PD55753,Oregon,M,High School or Below,,0.0,82.0,0.0,Personal Auto,Four-Door Car,554.522969
KU56006,Arizona,F,College,,52220.0,70.0,1.0,Personal Auto,Four-Door Car,336.0
MJ69973,Arizona,M,High School or Below,,0.0,74.0,0.0,Personal Auto,Two-Door Car,402.449823
TW43626,California,M,College,,53554.0,67.0,0.0,Personal Auto,Four-Door Car,327.020539
XX84133,California,M,Bachelor,,34476.0,67.0,1.0,Corporate Auto,Four-Door Car,5.3953
ZW84453,Arizona,F,Bachelor,,0.0,70.0,0.0,Personal Auto,Four-Door Car,131.401291
HO29524,California,M,College,,68205.0,76.0,0.0,Personal Auto,Two-Door Car,99.382943
VE89726,California,F,High School or Below,,0.0,119.0,1.0,Personal Auto,SUV,856.8
GE87503,California,M,High School or Below,,53690.0,154.0,0.0,Personal Auto,SUV,739.2
PX90263,Oregon,M,High School or Below,,0.0,72.0,0.0,Personal Auto,Four-Door Car,518.4
NI17718,California,F,High School or Below,,0.0,61.0,0.0,Personal Auto,Four-Door Car,292.8
FY32213,California,F,High School or Below,,74454.0,71.0,0.0,Personal Auto,Four-Door Car,340.8
RZ13254,Nevada,F,Bachelor,,0.0,73.0,0.0,Personal Auto,Four-Door Car,350.4
GN45013,Oregon,M,High School or Below,,29664.0,71.0,0.0,Personal Auto,Four-Door Car,340.8
NM39588,Washington,F,Doctor,,72450.0,66.0,0.0,Corporate Auto,Four-Door Car,84.218363
KU84464,Nevada,F,Bachelor,,47272.0,79.0,3.0,Personal Auto,Four-Door Car,64.546877
YH43527,Oregon,F,College,,21585.0,92.0,0.0,Corporate Auto,Four-Door Car,441.6
RO30676,California,F,College,,23827.0,106.0,2.0,Personal Auto,Four-Door Car,37.910623
QL59704,Arizona,F,College,,69906.0,74.0,2.0,Corporate Auto,Four-Door Car,202.860399
QH19450,California,F,High School or Below,,0.0,72.0,0.0,Corporate Auto,Four-Door Car,345.6
SA54664,Washington,M,Master,,73196.0,66.0,1.0,Personal Auto,Four-Door Car,85.809817
CI38330,Washington,M,Bachelor,,72217.0,6464.0,0.0,Personal Auto,Four-Door Car,91.146661
WB38524,California,M,High School or Below,,46131.0,74.0,0.0,Personal Auto,Two-Door Car,355.2
CE56187,Oregon,F,Master,,54514.0,109.0,3.0,Personal Auto,SUV,286.234931
JL19416,California,F,High School or Below,,0.0,161.0,0.0,Personal Auto,SUV,1159.2
JZ61422,Nevada,F,College,,96668.0,66.0,0.0,Personal Auto,Four-Door Car,316.8
LA13377,California,M,Doctor,,78879.0,69.0,1.0,Personal Auto,Four-Door Car,466.570791
NC99948,Nevada,M,College,,0.0,69.0,0.0,Personal Auto,Four-Door Car,331.2
QD34785,Arizona,F,Bachelor,,0.0,76.0,0.0,Personal Auto,Four-Door Car,364.8
RO26085,California,F,Bachelor,,0.0,112.0,0.0,Personal Auto,Luxury,1252.406235
ES57969,Oregon,M,Bachelor,,29735.0,69.0,0.0,Personal Auto,Four-Door Car,331.2
JK55587,California,M,High School or Below,,23082.0,65.0,0.0,Special Auto,Four-Door Car,312.0
RN97635,Arizona,M,Bachelor,,53984.0,80.0,0.0,Corporate Auto,Four-Door Car,421.484456
BI76326,California,F,College,,52135.0,156.0,0.0,Personal Auto,SUV,430.505942
JA34909,California,F,College,,17576.0,71.0,0.0,Corporate Auto,Four-Door Car,398.502948
OJ90342,Oregon,F,Bachelor,,29486.0,62.0,0.0,Personal Auto,Four-Door Car,7.646763
CM88932,Oregon,F,Master,,58557.0,88.0,0.0,Corporate Auto,Four-Door Car,55.510526
JJ97525,California,M,Bachelor,,25632.0,63.0,0.0,Personal Auto,Two-Door Car,351.270869
XV21647,California,F,High School or Below,,0.0,112.0,0.0,Personal Auto,Luxury,806.4
MC83487,Arizona,M,Bachelor,,18768.0,68.0,3.0,Corporate Auto,Four-Door Car,647.454583
BL90769,California,F,Bachelor,,33190.0,106.0,0.0,Personal Auto,SUV,508.8
CR57148,Oregon,F,Master,,47945.0,74.0,0.0,Personal Auto,Two-Door Car,128.43823
CP85232,Arizona,M,College,,58778.0,126.0,0.0,Special Auto,SUV,302.033971
YL74732,California,F,High School or Below,,15192.0,100.0,0.0,Personal Auto,SUV,480.0
FG16766,California,F,Bachelor,,51859.0,171.0,0.0,Personal Auto,SUV,1003.160633
NV55438,Nevada,F,High School or Below,,23422.0,72.0,0.0,Personal Auto,Two-Door Car,518.4
RM10880,California,F,College,,21604.0,79.0,0.0,Corporate Auto,Four-Door Car,379.2
GL56175,Arizona,M,College,,79298.0,90.0,0.0,Personal Auto,Four-Door Car,244.362072
UK52289,Arizona,F,Bachelor,,76731.0,64.0,0.0,Special Auto,Four-Door Car,201.455005
OT85112,Washington,M,College,,38460.0,88.0,1.0,Personal Auto,Four-Door Car,91.55098
BC62782,Arizona,F,College,,48534.0,115.0,1.0,Personal Auto,SUV,552.0
TI19722,Washington,M,Doctor,,30817.0,88.0,0.0,Corporate Auto,Four-Door Car,91.834668
JP30654,Oregon,F,College,,48412.0,104.0,0.0,Personal Auto,SUV,707.430832
UM45563,Washington,M,Bachelor,,68798.0,114.0,0.0,Personal Auto,SUV,92.915251
EN60878,Oregon,M,Bachelor,,23712.0,85.0,0.0,Personal Auto,Four-Door Car,376.126419
JF36291,California,M,College,,28142.0,105.0,0.0,Personal Auto,Luxury,701.708239
BK59444,California,F,Master,,72196.0,68.0,0.0,Personal Auto,Four-Door Car,152.184244
MK70700,California,M,Master,,68197.0,69.0,0.0,Personal Auto,Four-Door Car,176.819414
IW71076,California,M,Bachelor,,75248.0,63.0,0.0,Corporate Auto,Four-Door Car,104.454624
AP98768,California,F,College,,0.0,98.0,0.0,Personal Auto,Four-Door Car,941.718054
OM24164,Nevada,M,Bachelor,,0.0,65.0,1.0,Personal Auto,Two-Door Car,468.0
HR85211,Washington,F,Master,,89879.0,63.0,0.0,Personal Auto,Two-Door Car,94.030308
VC87846,Oregon,M,High School or Below,,46998.0,96.0,0.0,Corporate Auto,Four-Door Car,460.8
ZM92052,Oregon,M,Bachelor,,57099.0,67.0,0.0,Personal Auto,Two-Door Car,67.859881
ON73702,Arizona,F,Bachelor,,33897.0,114.0,0.0,Corporate Auto,SUV,539.843003
QQ90441,Nevada,F,High School or Below,,59207.0,116.0,0.0,Personal Auto,Four-Door Car,556.8
HU35721,Oregon,M,High School or Below,,40171.0,73.0,0.0,Personal Auto,Four-Door Car,350.4
YP47665,Washington,M,Doctor,,80192.0,67.0,0.0,Personal Auto,Four-Door Car,95.193157
FU99476,Washington,M,High School or Below,,74422.0,85.0,1.0,Personal Auto,Four-Door Car,95.338505
AG85615,Oregon,M,College,,0.0,87.0,0.0,Special Auto,Four-Door Car,626.4
OY74069,Arizona,F,College,,0.0,67.0,5.0,Personal Auto,Four-Door Car,321.6
DJ91267,Nevada,F,Bachelor,,34226.0,244.0,0.0,Personal Auto,Luxury,494.395024
KB72438,California,F,High School or Below,,65989.0,123.0,1.0,Personal Auto,SUV,115.545086
TR67616,Oregon,M,High School or Below,,30686.0,61.0,0.0,Corporate Auto,Four-Door Car,19.938981
GF65731,California,F,Master,,0.0,113.0,0.0,Personal Auto,Luxury,799.926741
HB67642,Arizona,F,High School or Below,,20090.0,109.0,0.0,Personal Auto,Luxury,523.2
DP84567,California,M,High School or Below,,0.0,183.0,0.0,Personal Auto,Luxury,878.4
VV77534,Oregon,M,College,,77094.0,176.0,0.0,Personal Auto,SUV,444.470676
GL67540,California,F,College,,97413.0,73.0,0.0,Personal Auto,Four-Door Car,268.819985
SV50502,Oregon,F,Master,,79189.0,69.0,0.0,Corporate Auto,Four-Door Car,331.2
UK59698,California,F,High School or Below,,0.0,62.0,0.0,Personal Auto,Two-Door Car,297.6
OA57352,Arizona,F,College,,18577.0,86.0,0.0,Personal Auto,Four-Door Car,412.8
ZF84449,Oregon,F,College,,0.0,112.0,1.0,Special Auto,Luxury,806.4
AX86150,Washington,M,High School or Below,,62777.0,67.0,0.0,Personal Auto,Two-Door Car,101.288069
HG39060,Oregon,M,Bachelor,,0.0,74.0,0.0,Corporate Auto,Four-Door Car,532.8
EM29359,Nevada,M,College,,17483.0,183.0,0.0,Personal Auto,Luxury,1317.6
SF57173,Oregon,M,Master,,84394.0,114.0,0.0,Personal Auto,SUV,691.412378
OT47603,Oregon,M,College,,0.0,127.0,0.0,Personal Auto,Luxury,804.811859
SW31412,Oregon,F,College,,41440.0,62.0,1.0,Personal Auto,Four-Door Car,297.6
JS36322,Arizona,M,High School or Below,,0.0,136.0,1.0,Personal Auto,Luxury,1090.86434
RE81445,Oregon,F,College,,98132.0,71.0,0.0,Personal Auto,Two-Door Car,50.587035
RM24280,Oregon,F,High School or Below,,0.0,112.0,0.0,Personal Auto,Four-Door Car,537.6
LC25393,California,M,Bachelor,,88220.0,230.0,0.0,Personal Auto,Luxury,151.528482
UX38930,Arizona,F,Master,,58327.0,129.0,0.0,Personal Auto,SUV,347.075948
HD95496,Oregon,M,Master,,25950.0,66.0,0.0,Personal Auto,Two-Door Car,271.697529
RX24650,Oregon,M,High School or Below,,20993.0,133.0,0.0,Corporate Auto,SUV,638.4
DW19309,Oregon,M,High School or Below,,65726.0,177.0,0.0,Corporate Auto,SUV,849.6
MT41386,Washington,M,Bachelor,,84768.0,72.0,0.0,Personal Auto,Two-Door Car,110.484661
WZ40465,Washington,F,Bachelor,,36234.0,63.0,0.0,Personal Auto,Four-Door Car,113.534474
DB42794,California,M,College,,58842.0,110.0,0.0,Personal Auto,Four-Door Car,528.0
JB50798,Oregon,F,Master,,25629.0,124.0,2.0,Corporate Auto,Luxury,595.2
IP69763,Washington,F,College,,77311.0,181.0,0.0,Personal Auto,SUV,113.609508
TE35785,California,M,Doctor,,0.0,196.0,2.0,Personal Auto,Luxury,1337.063487
HX74855,Washington,M,High School or Below,,95697.0,61.0,0.0,Personal Auto,Two-Door Car,114.273025
QN65180,Oregon,F,Bachelor,,22254.0,79.0,0.0,Personal Auto,Four-Door Car,125.194389
GE47180,Nevada,M,High School or Below,,65974.0,113.0,0.0,Personal Auto,Luxury,235.220971
VQ38776,Oregon,F,College,,0.0,76.0,0.0,Personal Auto,Four-Door Car,395.34111
BH86846,Washington,M,High School or Below,,92079.0,65.0,1.0,Corporate Auto,Four-Door Car,114.798771
IN17648,Nevada,M,High School or Below,,0.0,74.0,0.0,Personal Auto,Two-Door Car,772.798511
DF95759,Oregon,M,College,,0.0,132.0,0.0,Personal Auto,SUV,633.6
QG45324,Oregon,F,High School or Below,,0.0,73.0,0.0,Personal Auto,Four-Door Car,350.4
MN61620,Arizona,F,College,,67752.0,131.0,4.0,Personal Auto,Luxury,168.517149
YH86390,California,F,Bachelor,,25398.0,64.0,0.0,Corporate Auto,Four-Door Car,307.2
FY13480,California,M,High School or Below,,0.0,88.0,0.0,Personal Auto,Four-Door Car,633.6
YH61661,California,M,High School or Below,,33321.0,105.0,0.0,Special Auto,SUV,504.0
NL93182,Nevada,M,Bachelor,,0.0,78.0,0.0,Corporate Auto,Four-Door Car,845.654042
LN31673,Washington,F,College,,38923.0,99.0,2.0,Personal Auto,Four-Door Car,115.728852
WE68644,Oregon,F,Bachelor,,20325.0,100.0,0.0,Personal Auto,Luxury,668.29397
EZ30498,Oregon,M,Bachelor,,13129.0,117.0,0.0,Personal Auto,SUV,700.901632
QY74517,Oregon,F,High School or Below,,0.0,73.0,0.0,Personal Auto,Four-Door Car,525.6
NM88660,Nevada,M,Master,,49080.0,91.0,0.0,Corporate Auto,Four-Door Car,25.299
MZ82036,Nevada,M,College,,42536.0,63.0,0.0,Personal Auto,Four-Door Car,375.330097
ID20929,Oregon,M,Bachelor,,29926.0,74.0,0.0,Corporate Auto,Four-Door Car,418.233667
EY50028,Nevada,M,Doctor,,0.0,86.0,0.0,Corporate Auto,Two-Door Car,398.240791
TT82373,California,F,Bachelor,,21450.0,138.0,0.0,Personal Auto,Luxury,938.513425
OH64088,California,M,High School or Below,,33345.0,65.0,0.0,Corporate Auto,Four-Door Car,338.619869
SK97780,California,F,Bachelor,,15752.0,90.0,0.0,Corporate Auto,Two-Door Car,339.344531
IO33050,Oregon,F,High School or Below,,40169.0,65.0,1.0,Personal Auto,Four-Door Car,302.818833
XA55917,California,F,College,,26049.0,113.0,1.0,Personal Auto,SUV,619.165344
JK32620,Nevada,M,College,,0.0,68.0,0.0,Personal Auto,Four-Door Car,326.4
RQ19236,Arizona,M,Doctor,,55411.0,100.0,0.0,Personal Auto,Luxury,259.561195
QC47433,Oregon,M,College,,12459.0,70.0,0.0,Personal Auto,Four-Door Car,336.0
RA93608,Oregon,M,Bachelor,,64620.0,76.0,1.0,Personal Auto,Two-Door Car,364.8
XH97711,California,M,Bachelor,,83140.0,61.0,0.0,Corporate Auto,Four-Door Car,179.161843
AU96286,Oregon,F,Bachelor,,0.0,92.0,0.0,Corporate Auto,Four-Door Car,662.4
KC17170,Arizona,F,Bachelor,,54422.0,68.0,0.0,Corporate Auto,Four-Door Car,75.501852
ZN47335,California,M,College,,68309.0,131.0,0.0,Corporate Auto,SUV,306.983596
EI46264,California,M,High School or Below,,56621.0,65.0,2.0,Personal Auto,Four-Door Car,84.026848
EK87864,Arizona,F,College,,38977.0,70.0,0.0,Special Auto,Four-Door Car,139.489926
GV45403,Arizona,M,Bachelor,,0.0,111.0,0.0,Corporate Auto,Two-Door Car,607.4459
QK31192,Arizona,M,High School or Below,,0.0,114.0,0.0,Corporate Auto,Two-Door Car,631.124372
LU89008,Arizona,F,College,,0.0,83.0,0.0,Personal Auto,Four-Door Car,628.023494
NS10490,Oregon,F,Bachelor,,83235.0,70.0,0.0,Personal Auto,Two-Door Car,336.0
KL98495,Nevada,M,College,,0.0,74.0,0.0,Personal Auto,Two-Door Car,426.655599
IU96845,Arizona,M,College,,32390.0,80.0,0.0,Personal Auto,Four-Door Car,91.417923
QL93655,Oregon,F,High School or Below,,66538.0,95.0,0.0,Personal Auto,Two-Door Car,317.844812
PF40592,Washington,F,College,,23285.0,65.0,0.0,Personal Auto,Two-Door Car,118.446235
LZ34046,Oregon,M,Bachelor,,76358.0,66.0,0.0,Personal Auto,Four-Door Car,86.461582
JC80093,Washington,M,Master,,21104.0,66.0,0.0,Personal Auto,Four-Door Car,118.454974
YE88490,Arizona,F,College,,55350.0,67.0,0.0,Personal Auto,Four-Door Car,321.6
YC80498,California,F,College,,12964.0,65.0,0.0,Personal Auto,Two-Door Car,362.774545
AI85843,Arizona,F,Master,,33288.0,86.0,2.0,Personal Auto,Four-Door Car,221.856184
XD66024,Arizona,F,College,,0.0,84.0,0.0,Personal Auto,Four-Door Car,980.169081
FY51713,Arizona,F,Bachelor,,56168.0,88.0,0.0,Personal Auto,Four-Door Car,614.675906
PH26378,California,M,College,,0.0,92.0,0.0,Personal Auto,Four-Door Car,662.4
WQ18638,Oregon,M,High School or Below,,23105.0,69.0,0.0,Personal Auto,Two-Door Car,331.2
KY14688,Oregon,F,Master,,36218.0,68.0,0.0,Personal Auto,Four-Door Car,145.252168
TC97762,California,F,High School or Below,,52275.0,62.0,0.0,Corporate Auto,Four-Door Car,374.240783
QC87108,Oregon,F,College,,49665.0,74.0,0.0,Personal Auto,Four-Door Car,355.2
CX12134,Nevada,M,High School or Below,,32471.0,110.0,0.0,Personal Auto,Two-Door Car,528.0
SM73248,Arizona,M,High School or Below,,0.0,86.0,1.0,Corporate Auto,Two-Door Car,619.2
CK19789,California,F,Master,,62773.0,73.0,0.0,Personal Auto,Four-Door Car,80.669257
UV12583,California,F,College,,76694.0,117.0,0.0,Personal Auto,SUV,561.6
JC11405,Oregon,M,High School or Below,,55687.0,276.0,0.0,Personal Auto,Luxury,1324.8
KA89683,Arizona,F,High School or Below,,0.0,70.0,0.0,Personal Auto,Four-Door Car,504.0
BG85305,Nevada,M,Doctor,,36633.0,96.0,1.0,Personal Auto,Four-Door Car,460.8
UQ87917,Oregon,M,High School or Below,,77060.0,106.0,0.0,Personal Auto,SUV,468.566133
XN11823,Nevada,F,Bachelor,,92600.0,94.0,0.0,Corporate Auto,Two-Door Car,842.43785
OS46571,California,M,High School or Below,,0.0,66.0,0.0,Personal Auto,Four-Door Car,475.2
PX17116,Nevada,M,College,,0.0,111.0,2.0,Corporate Auto,SUV,1171.93117
RP19541,Arizona,M,College,,64801.0,64.0,0.0,Personal Auto,Four-Door Car,268.471802
ZR25747,Oregon,F,College,,45257.0,103.0,0.0,Corporate Auto,Two-Door Car,494.4
NQ86532,California,M,High School or Below,,26854.0,66.0,0.0,Personal Auto,Four-Door Car,475.2
JY27336,Oregon,F,College,,85840.0,102.0,2.0,Corporate Auto,SUV,138.722385
PB54378,Oregon,F,Doctor,,26463.0,72.0,0.0,Corporate Auto,Four-Door Car,345.6
SV38190,Nevada,F,Bachelor,,30689.0,81.0,0.0,Personal Auto,Four-Door Car,467.24802
CV24005,Oregon,M,High School or Below,,29590.0,66.0,0.0,Corporate Auto,Two-Door Car,467.503236
EX28656,Oregon,F,College,,25965.0,253.0,0.0,Personal Auto,Luxury,1214.4
CF57022,Oregon,M,Bachelor,,17269.0,139.0,0.0,Personal Auto,SUV,667.2
GM16780,Oregon,M,College,,90330.0,137.0,3.0,Corporate Auto,Luxury,192.085299
BX94438,California,F,High School or Below,,0.0,113.0,0.0,Corporate Auto,SUV,619.973889
RM41745,California,F,High School or Below,,0.0,110.0,0.0,Personal Auto,Four-Door Car,1002.782553
XR70252,California,F,High School or Below,,0.0,67.0,1.0,Personal Auto,Two-Door Car,321.6
YH92099,Arizona,F,Bachelor,,18558.0,80.0,0.0,Special Auto,Four-Door Car,384.0
SG81493,Arizona,M,Bachelor,,46384.0,113.0,0.0,Corporate Auto,Four-Door Car,251.774574
ZX23819,Oregon,F,High School or Below,,0.0,72.0,0.0,Personal Auto,Two-Door Car,866.208321
FJ54907,Oregon,F,College,,42303.0,180.0,0.0,Personal Auto,Luxury,1210.920949
CU26127,California,F,Bachelor,,71731.0,130.0,0.0,Corporate Auto,SUV,599.648466
YH60476,Oregon,M,High School or Below,,51066.0,74.0,0.0,Corporate Auto,Four-Door Car,787.993313
ZZ97035,California,M,College,,0.0,203.0,0.0,Corporate Auto,Luxury,2027.724442
GE82737,Nevada,F,Bachelor,,0.0,86.0,3.0,Personal Auto,Four-Door Car,619.2
KY21873,Arizona,M,College,,0.0,69.0,0.0,Personal Auto,Two-Door Car,72.852047
UA51318,Arizona,F,High School or Below,,26173.0,68.0,1.0,Corporate Auto,Four-Door Car,449.819671
BV55014,Oregon,M,Bachelor,,24445.0,63.0,0.0,Personal Auto,Two-Door Car,302.4
HX21307,Oregon,M,College,,72302.0,66.0,0.0,Personal Auto,Two-Door Car,316.8
LQ68252,Oregon,M,High School or Below,,27208.0,102.0,0.0,Personal Auto,SUV,489.6
CR92802,California,F,Master,,36650.0,69.0,1.0,Special Auto,Four-Door Car,56.60333
SL35268,Arizona,M,College,,30855.0,68.0,0.0,Corporate Auto,Four-Door Car,259.060862
RD62882,Arizona,F,Bachelor,,0.0,95.0,0.0,Personal Auto,Two-Door Car,456.0
JS42382,Oregon,M,Master,,99960.0,76.0,0.0,Corporate Auto,Four-Door Car,364.8
BT30554,Arizona,F,Bachelor,,0.0,98.0,0.0,Personal Auto,Four-Door Car,470.4
VP57424,Nevada,F,Bachelor,,55873.0,88.0,0.0,Personal Auto,Four-Door Car,299.356083
VU19243,Arizona,F,High School or Below,,18052.0,111.0,0.0,Personal Auto,Four-Door Car,699.1679
TA82973,Oregon,F,High School or Below,,28937.0,104.0,2.0,Personal Auto,SUV,117.959654
GK71720,Oregon,F,High School or Below,,0.0,86.0,0.0,Personal Auto,Four-Door Car,545.240341
OQ61223,California,M,College,,0.0,73.0,0.0,Personal Auto,Two-Door Car,350.4
LL62746,Oregon,M,Doctor,,12829.0,118.0,0.0,Personal Auto,SUV,328.231432
JQ56711,Oregon,F,Master,,92163.0,73.0,0.0,Personal Auto,Two-Door Car,66.568642
AW77988,Oregon,M,High School or Below,,17588.0,192.0,0.0,Personal Auto,Luxury,1382.4
QP84605,Washington,F,Bachelor,,41546.0,111.0,0.0,Corporate Auto,Four-Door Car,121.306839
MY97912,Arizona,M,College,,0.0,127.0,0.0,Personal Auto,SUV,609.6
IB87349,California,M,High School or Below,,70340.0,113.0,0.0,Special Auto,Four-Door Car,542.4
AW73065,Oregon,F,High School or Below,,0.0,74.0,0.0,Personal Auto,Four-Door Car,532.8
BW80872,Washington,M,High School or Below,,34549.0,111.0,0.0,Personal Auto,Four-Door Car,125.933005
PX70175,Arizona,M,College,,93459.0,99.0,0.0,Personal Auto,Four-Door Car,655.41333
KF75098,Arizona,M,Bachelor,,86148.0,65.0,2.0,Personal Auto,Four-Door Car,312.0
IS50283,California,F,Bachelor,,27048.0,72.0,0.0,Corporate Auto,Four-Door Car,345.6
MY64920,Oregon,F,College,,73259.0,115.0,0.0,Personal Auto,SUV,673.34265
KN34250,Oregon,F,College,,35482.0,129.0,0.0,Corporate Auto,SUV,619.2
GN46207,Oregon,F,Master,,29462.0,107.0,1.0,Personal Auto,SUV,513.6
KL57176,Oregon,F,College,,67801.0,115.0,1.0,Personal Auto,SUV,23.810491
MN94234,California,M,High School or Below,,0.0,94.0,4.0,Personal Auto,Two-Door Car,451.2
JY90595,Arizona,M,High School or Below,,16042.0,73.0,0.0,Personal Auto,Two-Door Car,350.4
HK26543,California,M,High School or Below,,28056.0,64.0,1.0,Personal Auto,Four-Door Car,307.2
PN86062,California,M,High School or Below,,16495.0,85.0,3.0,Corporate Auto,Four-Door Car,408.0
VW27730,California,F,Master,,41163.0,108.0,0.0,Corporate Auto,SUV,231.922173
SH55671,Arizona,F,College,,0.0,161.0,1.0,Personal Auto,Luxury,772.8
MO56878,California,M,Bachelor,,33799.0,109.0,3.0,Corporate Auto,SUV,664.980242
VO38365,Washington,F,College,,90125.0,110.0,0.0,Corporate Auto,SUV,128.645946
SV35618,Oregon,F,Bachelor,,87747.0,147.0,1.0,Personal Auto,SUV,46.492039
RX12347,Nevada,M,College,,35695.0,90.0,0.0,Personal Auto,Four-Door Car,432.0
FR55658,California,M,Master,,90985.0,87.0,0.0,Personal Auto,Four-Door Car,78.085149
XS12556,California,F,College,,0.0,101.0,0.0,Corporate Auto,Luxury,564.466556
ZU73588,California,M,College,,66839.0,154.0,0.0,Personal Auto,Luxury,739.2
WT43034,California,F,High School or Below,,0.0,165.0,0.0,Personal Auto,SUV,792.0
VM13430,Oregon,F,Bachelor,,79090.0,107.0,0.0,Corporate Auto,SUV,289.040734
TC78849,Oregon,M,Bachelor,,24825.0,64.0,0.0,Personal Auto,Two-Door Car,155.938593
VC34764,California,M,College,,26806.0,63.0,0.0,Personal Auto,Four-Door Car,302.4
WO90953,Oregon,F,College,,56835.0,67.0,0.0,Personal Auto,Two-Door Car,326.549425
IU47468,Oregon,F,Bachelor,,0.0,88.0,0.0,Special Auto,Two-Door Car,653.65668
KO46064,California,M,Bachelor,,46135.0,69.0,0.0,Personal Auto,Four-Door Car,103.935601
RB34917,Arizona,F,Bachelor,,0.0,73.0,0.0,Personal Auto,Four-Door Car,809.532341
BI38192,Oregon,F,High School or Below,,22862.0,67.0,0.0,Personal Auto,Two-Door Car,321.6
PU18983,Oregon,F,High School or Below,,21450.0,110.0,2.0,Personal Auto,Luxury,528.0
SW79912,Oregon,M,Bachelor,,95854.0,65.0,0.0,Personal Auto,Two-Door Car,312.0
ES39217,Oregon,F,Bachelor,,44897.0,99.0,1.0,Personal Auto,Four-Door Car,580.72531
KP72427,Washington,M,High School or Below,,64455.0,108.0,0.0,Personal Auto,SUV,133.735395
UA19178,Oregon,F,Master,,53265.0,62.0,0.0,Personal Auto,Four-Door Car,238.005074
PR53785,Arizona,F,High School or Below,,0.0,198.0,1.0,Personal Auto,Luxury,1577.674417
XF57481,Washington,M,Master,,50450.0,90.0,0.0,Personal Auto,Two-Door Car,135.892444
CN90378,California,F,High School or Below,,54780.0,88.0,3.0,Personal Auto,Four-Door Car,135.26125
KI56154,Nevada,M,High School or Below,,0.0,119.0,0.0,Personal Auto,Luxury,571.2
UI55951,California,M,Bachelor,,67798.0,69.0,0.0,Personal Auto,Four-Door Car,331.2
FF28650,Oregon,M,Bachelor,,21442.0,118.0,0.0,Personal Auto,SUV,566.4
FS55302,California,M,Bachelor,,27615.0,62.0,1.0,Personal Auto,Four-Door Car,297.6
TN79487,California,M,Bachelor,,17622.0,65.0,1.0,Personal Auto,Four-Door Car,312.0
HG32616,Nevada,M,High School or Below,,50200.0,135.0,0.0,Personal Auto,Luxury,637.063458
UK41984,Arizona,F,Doctor,,0.0,112.0,2.0,Personal Auto,SUV,537.6
LZ52266,California,F,High School or Below,,0.0,96.0,0.0,Personal Auto,Four-Door Car,460.8
PM27367,California,F,Master,,73570.0,70.0,1.0,Special Auto,Two-Door Car,75.936096
ZK21724,Oregon,F,High School or Below,,0.0,111.0,0.0,Personal Auto,SUV,799.2
BH35482,Washington,M,Doctor,,70412.0,61.0,0.0,Corporate Auto,Two-Door Car,136.291083
QE22757,Nevada,M,Doctor,,36631.0,62.0,0.0,Personal Auto,Four-Door Car,67.530904
ON77649,Oregon,F,College,,35895.0,73.0,0.0,Personal Auto,Four-Door Car,312.921256
RN82884,Arizona,F,College,,40864.0,109.0,1.0,Personal Auto,SUV,166.937747
CQ75652,Oregon,M,College,,0.0,118.0,0.0,Personal Auto,Four-Door Car,566.4
FF58467,Arizona,F,Master,,93018.0,63.0,0.0,Personal Auto,Four-Door Car,135.382194
BS83666,Oregon,M,Bachelor,,70014.0,62.0,0.0,Corporate Auto,Four-Door Car,17.742954
WO29605,Oregon,F,College,,48875.0,61.0,0.0,Personal Auto,Two-Door Car,1.838367
TL77607,California,M,Bachelor,,67969.0,74.0,0.0,Personal Auto,Four-Door Car,197.776009
EZ50606,Oregon,F,High School or Below,,0.0,108.0,0.0,Corporate Auto,SUV,612.102262
OS39723,Oregon,F,Doctor,,68665.0,69.0,0.0,Personal Auto,Two-Door Car,331.2
FN69743,California,M,College,,26802.0,66.0,1.0,Corporate Auto,Two-Door Car,316.8
XW96958,Nevada,M,High School or Below,,0.0,110.0,0.0,Corporate Auto,Four-Door Car,1193.036154
TU92578,California,M,College,,45345.0,125.0,0.0,Personal Auto,SUV,600.0
TL43709,Washington,M,Bachelor,,89689.0,74.0,0.0,Personal Auto,Four-Door Car,136.829537
YE68736,California,F,Bachelor,,32051.0,193.0,1.0,Personal Auto,SUV,926.4
OB96537,Oregon,M,Master,,81139.0,74.0,0.0,Special Auto,Four-Door Car,392.6364
EU68825,Oregon,F,Master,,63834.0,100.0,1.0,Personal Auto,Luxury,215.226476
CC31456,Arizona,M,Bachelor,,37548.0,81.0,0.0,Special Auto,Four-Door Car,160.598662
DJ77787,Arizona,F,High School or Below,,0.0,69.0,3.0,Personal Auto,Four-Door Car,371.803029
LN26837,California,M,High School or Below,,72421.0,65.0,0.0,Personal Auto,Four-Door Car,312.0
YI92916,Nevada,M,Master,,83102.0,116.0,0.0,Corporate Auto,Four-Door Car,443.670399
NW54906,Oregon,M,College,,28432.0,118.0,0.0,Personal Auto,SUV,612.300581
ME77513,Nevada,F,Master,,83707.0,108.0,0.0,Corporate Auto,Four-Door Car,290.391526
UK76891,California,F,College,,63259.0,65.0,0.0,Corporate Auto,Four-Door Car,316.795337
SI26888,Nevada,F,High School or Below,,0.0,67.0,0.0,Personal Auto,Four-Door Car,405.527937
YD74948,Oregon,F,College,,63860.0,62.0,0.0,Personal Auto,Four-Door Car,208.598246
HB64268,Washington,M,Bachelor,,43836.0,73.0,0.0,Personal Auto,Four-Door Car,138.130879
BW52697,California,F,College,,86132.0,68.0,0.0,Personal Auto,Two-Door Car,301.437365
NL41409,Oregon,F,Bachelor,,28519.0,66.0,0.0,Personal Auto,Two-Door Car,456.473115
OD69005,Arizona,F,High School or Below,,39102.0,88.0,0.0,Personal Auto,Four-Door Car,152.338562
ZZ91716,California,F,Bachelor,,0.0,89.0,0.0,Personal Auto,Four-Door Car,491.755368
UK70255,California,F,College,,97298.0,128.0,0.0,Personal Auto,Luxury,48.517439
QT25383,Nevada,M,High School or Below,,41986.0,84.0,2.0,Personal Auto,Two-Door Car,430.375049
AW18068,Arizona,M,High School or Below,,0.0,88.0,0.0,Personal Auto,Two-Door Car,633.6
NS45347,Oregon,F,College,,17291.0,73.0,0.0,Personal Auto,Four-Door Car,350.4
FV19421,California,M,Bachelor,,0.0,74.0,0.0,Personal Auto,Four-Door Car,246.489123
XW89091,California,M,College,,37256.0,62.0,0.0,Personal Auto,Four-Door Car,128.969729
YC11951,Oregon,M,High School or Below,,96306.0,95.0,1.0,Corporate Auto,Four-Door Car,185.355353
UY18770,California,F,Bachelor,,14290.0,271.0,0.0,Personal Auto,Luxury,1300.8
RA49085,California,F,College,,37038.0,71.0,1.0,Corporate Auto,Four-Door Car,9.071305
BG84194,Oregon,M,College,,90760.0,103.0,2.0,Special Auto,SUV,133.475315
PT64580,Washington,M,Master,,77048.0,103.0,0.0,Personal Auto,SUV,141.199465
MR67738,Oregon,F,High School or Below,,54480.0,67.0,0.0,Personal Auto,Four-Door Car,321.6
DM95829,California,M,College,,16244.0,68.0,0.0,Personal Auto,Two-Door Car,623.223617
DB75522,California,F,College,,22436.0,89.0,0.0,Special Auto,Four-Door Car,427.2
LM34525,Washington,F,College,,71592.0,72.0,0.0,Personal Auto,Four-Door Car,141.725051
WW30771,Arizona,M,Master,,28728.0,67.0,0.0,Personal Auto,Four-Door Car,321.6
QP65569,Arizona,M,High School or Below,,57449.0,103.0,0.0,Personal Auto,Four-Door Car,494.4
TN50051,California,F,Doctor,,83318.0,73.0,0.0,Personal Auto,Two-Door Car,211.336937
UO86707,Washington,M,Bachelor,,75217.0,61.0,1.0,Personal Auto,Four-Door Car,147.080303
JA41698,Nevada,M,Bachelor,,0.0,102.0,5.0,Corporate Auto,SUV,862.762957
NX18774,Oregon,M,Bachelor,,55308.0,107.0,0.0,Corporate Auto,SUV,513.6
DA69469,Oregon,F,College,,36068.0,97.0,0.0,Personal Auto,Two-Door Car,113.367765
CN23147,Oregon,M,Bachelor,,48804.0,112.0,1.0,Corporate Auto,Four-Door Car,537.6
RA68844,Oregon,M,College,,0.0,131.0,0.0,Personal Auto,SUV,943.2
GH42026,Oregon,M,Bachelor,,55790.0,111.0,0.0,Personal Auto,SUV,117.672722
BD16530,Arizona,F,Bachelor,,70258.0,69.0,0.0,Personal Auto,Four-Door Car,225.145949
JH91579,Oregon,F,Bachelor,,0.0,95.0,0.0,Personal Auto,Two-Door Car,456.0
WK23685,Oregon,F,Bachelor,,47274.0,83.0,1.0,Corporate Auto,Four-Door Car,182.432565
GR62267,Washington,F,College,,44705.0,71.0,0.0,Personal Auto,Two-Door Car,148.173152
PI78084,Arizona,M,High School or Below,,0.0,73.0,0.0,Personal Auto,Two-Door Car,525.6
GF97874,Washington,F,Master,,70446.0,65.0,0.0,Personal Auto,Four-Door Car,155.570802
ZH19885,Washington,F,High School or Below,,43860.0,65.0,0.0,Personal Auto,Four-Door Car,156.124914
UK25655,Oregon,F,Bachelor,,64348.0,86.0,0.0,Personal Auto,Two-Door Car,212.391975
QR45101,Oregon,M,Bachelor,,0.0,62.0,0.0,Corporate Auto,Two-Door Car,297.6
EL93539,California,M,Master,,88997.0,72.0,0.0,Special Auto,Four-Door Car,174.041566
EE99484,Washington,F,High School or Below,,43860.0,65.0,0.0,Corporate Auto,Four-Door Car,156.124914
DP46882,California,F,High School or Below,,10312.0,78.0,0.0,Corporate Auto,Four-Door Car,486.278557
WP41146,California,F,High School or Below,,0.0,72.0,1.0,Personal Auto,Four-Door Car,345.6
TK60799,Arizona,F,High School or Below,,96263.0,103.0,0.0,Personal Auto,SUV,1.924709
DN29808,California,F,College,,28919.0,72.0,0.0,Corporate Auto,Four-Door Car,518.4
SS59521,Oregon,F,College,,0.0,68.0,1.0,Personal Auto,Two-Door Car,326.4
NG66579,Oregon,M,Bachelor,,41869.0,64.0,0.0,Personal Auto,Two-Door Car,262.12205
TC14209,Arizona,F,High School or Below,,0.0,128.0,0.0,Personal Auto,SUV,921.6
ED50963,California,F,High School or Below,,32808.0,68.0,1.0,Personal Auto,Four-Door Car,541.695658
GP40701,California,F,Bachelor,,79780.0,68.0,0.0,Personal Auto,Four-Door Car,326.4
CP98451,Oregon,F,College,,91025.0,112.0,0.0,Personal Auto,SUV,327.682669
NX52648,California,F,High School or Below,,33043.0,95.0,0.0,Personal Auto,Two-Door Car,456.0
ZC32510,Arizona,M,High School or Below,,69442.0,118.0,3.0,Personal Auto,Four-Door Car,1265.570302
NG27780,Oregon,M,College,,0.0,70.0,0.0,Corporate Auto,Four-Door Car,63.043197
HN95240,Arizona,F,College,,0.0,70.0,0.0,Corporate Auto,Four-Door Car,336.0
EB59129,Oregon,F,Bachelor,,47234.0,65.0,0.0,Personal Auto,Four-Door Car,15.631363
RA70851,Oregon,M,High School or Below,,86863.0,92.0,0.0,Personal Auto,Four-Door Car,441.6
PM19162,Oregon,M,Bachelor,,25805.0,66.0,2.0,Personal Auto,Four-Door Car,375.866091
MS59005,Nevada,M,Bachelor,,43676.0,76.0,0.0,Personal Auto,Four-Door Car,364.8
SU71163,Arizona,M,College,,59855.0,74.0,4.0,Personal Auto,Two-Door Car,355.2
BD35676,Arizona,M,Master,,35296.0,126.0,0.0,Personal Auto,SUV,452.616872
NI44621,Oregon,F,Master,,36576.0,125.0,1.0,Personal Auto,SUV,113.450122
EW33419,California,F,High School or Below,,28513.0,100.0,1.0,Corporate Auto,SUV,480.0
HX44948,Oregon,M,Bachelor,,85448.0,72.0,0.0,Special Auto,Four-Door Car,16.03451
DL36983,Oregon,F,High School or Below,,23791.0,110.0,3.0,Personal Auto,Two-Door Car,615.27228
XR87264,California,F,Bachelor,,20597.0,112.0,0.0,Personal Auto,Four-Door Car,615.256301
NN99001,Arizona,F,College,,56940.0,87.0,0.0,Personal Auto,Four-Door Car,512.66245
XV95530,Oregon,M,Bachelor,,93210.0,71.0,0.0,Personal Auto,Two-Door Car,74.523935
OL97871,Oregon,F,Bachelor,,48992.0,94.0,1.0,Personal Auto,Four-Door Car,426.072946
HQ23708,Arizona,F,Master,,53736.0,71.0,0.0,Personal Auto,Two-Door Car,169.287785
WR63188,Arizona,M,College,,25378.0,66.0,1.0,Personal Auto,Four-Door Car,419.464143
NG82219,Oregon,F,Bachelor,,76731.0,64.0,0.0,Personal Auto,Four-Door Car,201.455005
KU29408,Washington,M,Master,,37722.0,116.0,0.0,Corporate Auto,Luxury,158.077504
RE46783,California,F,Bachelor,,69379.0,103.0,0.0,Personal Auto,Two-Door Car,494.4
RU94434,Oregon,M,High School or Below,,57449.0,103.0,0.0,Personal Auto,Four-Door Car,494.4
GI82355,Arizona,M,Bachelor,,0.0,68.0,0.0,Corporate Auto,Four-Door Car,326.4
VO26340,Nevada,M,College,,0.0,93.0,0.0,Personal Auto,Two-Door Car,669.6
NV61299,Arizona,F,Bachelor,,33806.0,89.0,0.0,Corporate Auto,Four-Door Car,395.729716
DX31066,Washington,F,College,,94041.0,66.0,0.0,Personal Auto,Four-Door Car,159.756733
CY50337,Oregon,F,College,,74965.0,90.0,0.0,Personal Auto,Four-Door Car,58.557552
TJ20375,Arizona,F,High School or Below,,34095.0,63.0,0.0,Personal Auto,Two-Door Car,302.4
EP72155,California,F,College,,0.0,66.0,4.0,Personal Auto,Four-Door Car,316.8
JJ76159,California,M,College,,96045.0,61.0,0.0,Corporate Auto,Four-Door Car,8.582971
BG15419,Nevada,F,Bachelor,,86355.0,118.0,0.0,Personal Auto,Luxury,285.418473
AO74776,California,F,High School or Below,,27824.0,118.0,0.0,Personal Auto,SUV,566.4
HQ82233,California,M,High School or Below,,42995.0,101.0,0.0,Personal Auto,SUV,410.508316
OL72737,Oregon,F,High School or Below,,21235.0,79.0,0.0,Personal Auto,Two-Door Car,244.23135
ZQ59828,California,M,High School or Below,,74585.0,106.0,0.0,Personal Auto,SUV,218.598065
NZ15548,Oregon,M,Bachelor,,41833.0,103.0,0.0,Personal Auto,Four-Door Car,643.826716
XK61304,California,F,College,,23908.0,70.0,0.0,Personal Auto,Four-Door Car,336.0
EJ44139,Oregon,M,Bachelor,,0.0,65.0,0.0,Personal Auto,Two-Door Car,312.0
CM94425,Arizona,M,Bachelor,,61953.0,113.0,0.0,Personal Auto,SUV,497.047297
OV54878,California,M,Bachelor,,0.0,142.0,0.0,Corporate Auto,SUV,1022.4
JF57282,Nevada,M,Bachelor,,0.0,137.0,0.0,Personal Auto,SUV,657.6
MY37953,Arizona,F,Bachelor,,73760.0,107.0,1.0,Personal Auto,Luxury,230.245772
XP64922,Oregon,F,College,,23333.0,74.0,0.0,Corporate Auto,Four-Door Car,5.622751
WL65572,California,M,College,,0.0,61.0,0.0,Personal Auto,Four-Door Car,292.8
LN50325,Arizona,F,High School or Below,,20440.0,128.0,2.0,Corporate Auto,Luxury,614.4
HJ15383,Washington,M,Master,,27658.0,68.0,0.0,Personal Auto,Four-Door Car,160.07526
KH59823,California,M,College,,50943.0,139.0,0.0,Special Auto,SUV,667.2
YM79169,California,M,Bachelor,,19003.0,71.0,0.0,Personal Auto,Two-Door Car,34.651305
DR38127,California,M,College,,46703.0,108.0,0.0,Personal Auto,Four-Door Car,678.100487
PU42145,California,M,Bachelor,,14072.0,71.0,0.0,Personal Auto,Four-Door Car,511.2
KM33477,Oregon,M,College,,21733.0,73.0,0.0,Corporate Auto,Four-Door Car,525.6
RI53167,Arizona,M,Bachelor,,20811.0,61.0,0.0,Personal Auto,Four-Door Car,292.8
OF77789,Arizona,F,High School or Below,,11904.0,61.0,2.0,Personal Auto,Two-Door Car,292.8
YB33445,Oregon,F,College,,43490.0,114.0,4.0,Corporate Auto,SUV,174.588413
BA17836,California,M,High School or Below,,57340.0,67.0,0.0,Corporate Auto,Four-Door Car,159.391681
JS43228,California,M,College,,49088.0,97.0,0.0,Corporate Auto,Four-Door Car,698.4
BB11622,Nevada,M,Master,,47761.0,131.0,0.0,Personal Auto,SUV,232.711071
HQ70429,Washington,F,College,,0.0,65.0,0.0,Personal Auto,Two-Door Car,163.046956
WK88044,Arizona,M,Bachelor,,61281.0,110.0,0.0,Personal Auto,SUV,79.865605
LA80525,Nevada,M,Bachelor,,0.0,82.0,1.0,Corporate Auto,Two-Door Car,393.6
EH16250,Arizona,M,Bachelor,,25290.0,66.0,0.0,Personal Auto,Four-Door Car,382.085897
PU41872,Arizona,F,High School or Below,,24239.0,88.0,0.0,Personal Auto,Four-Door Car,48.348319
HB85743,California,M,Bachelor,,82664.0,114.0,3.0,Personal Auto,SUV,133.425609
MM71959,Arizona,M,Bachelor,,83210.0,110.0,0.0,Personal Auto,Luxury,528.0
MB83663,Oregon,F,Bachelor,,38736.0,81.0,0.0,Personal Auto,Two-Door Car,561.414794
KR43119,California,M,College,,0.0,66.0,0.0,Personal Auto,Four-Door Car,316.8
KH24214,Oregon,M,College,,55437.0,64.0,1.0,Personal Auto,Four-Door Car,445.287788
AC40767,Washington,M,Bachelor,,68041.0,6464.0,0.0,Personal Auto,Two-Door Car,165.570243
HP55391,Oregon,M,Master,,0.0,71.0,0.0,Corporate Auto,Four-Door Car,407.99684
EG62398,California,F,High School or Below,,29066.0,100.0,0.0,Personal Auto,SUV,844.229478
VS19949,Nevada,M,Bachelor,,54337.0,72.0,0.0,Personal Auto,Four-Door Car,345.6
AM92343,Oregon,F,High School or Below,,67616.0,96.0,0.0,Personal Auto,Four-Door Car,340.306584
GI68556,California,F,Bachelor,,41082.0,63.0,0.0,Personal Auto,Two-Door Car,106.647493
JT11876,Washington,F,High School or Below,,0.0,10202.0,0.0,Personal Auto,Four-Door Car,626.116259
XR64251,Nevada,F,Master,,36650.0,69.0,1.0,Personal Auto,Four-Door Car,56.60333
MK34957,Oregon,F,College,,50631.0,112.0,4.0,Special Auto,SUV,784.65781
GP18756,California,M,College,,19592.0,92.0,0.0,Personal Auto,Four-Door Car,441.6
AP23850,Washington,F,High School or Below,,0.0,114.0,0.0,Personal Auto,Two-Door Car,547.2
KQ65521,Arizona,F,College,,55761.0,115.0,0.0,Personal Auto,Luxury,86.27772
EJ19449,California,F,College,,17576.0,71.0,0.0,Special Auto,Four-Door Car,398.502948
QB70027,California,F,Bachelor,,41449.0,89.0,0.0,Personal Auto,Four-Door Car,63.516572
QW47320,California,F,Bachelor,,14290.0,271.0,0.0,Personal Auto,Luxury,1300.8
KH64733,Nevada,F,College,,62007.0,73.0,0.0,Personal Auto,Four-Door Car,120.015609
ON59472,Arizona,M,High School or Below,,21921.0,206.0,0.0,Corporate Auto,Luxury,1254.137899
HP94242,Arizona,F,Bachelor,,42621.0,66.0,0.0,Personal Auto,Four-Door Car,316.8
RV15398,Oregon,M,College,,0.0,87.0,1.0,Personal Auto,Four-Door Car,417.6
EA25683,Washington,M,High School or Below,,63786.0,196.0,0.0,Corporate Auto,Luxury,798.002689
PW73754,California,F,High School or Below,,0.0,104.0,3.0,Personal Auto,Luxury,82.041684
MC71942,California,F,High School or Below,,82877.0,99.0,1.0,Personal Auto,Two-Door Car,22.819088
OX72195,Arizona,M,College,,0.0,63.0,0.0,Corporate Auto,Two-Door Car,302.4
YQ99152,Nevada,M,High School or Below,,10475.0,88.0,1.0,Personal Auto,Two-Door Car,422.4
KI19439,Oregon,F,High School or Below,,21952.0,66.0,0.0,Personal Auto,Four-Door Car,316.8
PM76175,Oregon,F,Bachelor,,49721.0,132.0,0.0,Corporate Auto,Luxury,639.971388
US45383,California,M,College,,88340.0,102.0,0.0,Personal Auto,Two-Door Car,489.6
GT38956,California,F,College,,0.0,65.0,0.0,Personal Auto,Four-Door Car,312.0
SN41301,Oregon,M,Bachelor,,0.0,65.0,0.0,Corporate Auto,Four-Door Car,468.0
BE62503,Washington,F,College,,24589.0,82.0,0.0,Personal Auto,Two-Door Car,511.497882
PA16884,California,F,Bachelor,,69379.0,103.0,0.0,Personal Auto,Two-Door Car,494.4
NC58480,Nevada,F,Bachelor,,73769.0,61.0,2.0,Personal Auto,Four-Door Car,239.540223
NS39326,California,F,College,,66670.0,114.0,0.0,Personal Auto,SUV,518.180364
PN18507,Arizona,M,Bachelor,,88854.0,118.0,0.0,Personal Auto,Two-Door Car,715.252366
EK91340,Oregon,M,Bachelor,,31266.0,193.0,0.0,Corporate Auto,Luxury,926.4
JY16280,California,F,High School or Below,,43860.0,65.0,0.0,Personal Auto,Four-Door Car,156.124914
ZW71731,California,M,Bachelor,,89284.0,133.0,2.0,Corporate Auto,SUV,402.070719
ZC24631,Oregon,M,College,,67267.0,89.0,0.0,Corporate Auto,Four-Door Car,94.814032
YR34689,California,F,High School or Below,,79270.0,95.0,3.0,Personal Auto,Four-Door Car,456.0
RT65829,Oregon,M,Bachelor,,36692.0,109.0,1.0,Personal Auto,Four-Door Car,523.2
BZ12077,Oregon,F,High School or Below,,0.0,119.0,0.0,Personal Auto,SUV,571.2
WM65373,California,F,College,,0.0,107.0,0.0,Corporate Auto,SUV,513.6
NH35059,Nevada,M,College,,0.0,105.0,0.0,Corporate Auto,Four-Door Car,504.0
QD38160,Oregon,M,College,,0.0,135.0,0.0,Personal Auto,SUV,972.0
BM15160,California,F,High School or Below,,44624.0,71.0,1.0,Special Auto,Four-Door Car,73.883044
VY79030,Arizona,F,College,,0.0,71.0,0.0,Corporate Auto,Four-Door Car,340.8
EV19512,Nevada,F,Master,,19614.0,85.0,0.0,Personal Auto,Two-Door Car,574.024018
TE13577,Oregon,F,College,,0.0,64.0,0.0,Personal Auto,Four-Door Car,632.715382
WY97929,Arizona,M,College,,83846.0,74.0,3.0,Special Auto,Four-Door Car,355.2
YG20683,Washington,M,College,,51159.0,72.0,0.0,Personal Auto,Four-Door Car,4.238626
FK75497,California,M,College,,83772.0,62.0,0.0,Personal Auto,Two-Door Car,42.248087
NE60110,Arizona,M,College,,66839.0,154.0,0.0,Personal Auto,Luxury,739.2
TN36521,Arizona,F,College,,88440.0,70.0,0.0,Personal Auto,Two-Door Car,27.145151
HG33568,Arizona,F,Master,,25666.0,63.0,2.0,Personal Auto,Four-Door Car,270.002766
TW17878,Oregon,F,High School or Below,,52926.0,61.0,0.0,Personal Auto,Four-Door Car,292.8
ZO83562,Nevada,F,Bachelor,,0.0,67.0,0.0,Personal Auto,Four-Door Car,494.946438
CH97539,Washington,F,Bachelor,,40001.0,70.0,0.0,Personal Auto,Four-Door Car,142.567008
CV29889,California,M,College,,0.0,70.0,0.0,Personal Auto,Four-Door Car,425.266308
MO33320,Oregon,M,College,,18024.0,65.0,0.0,Personal Auto,Two-Door Car,312.0
QZ81258,Oregon,F,College,,0.0,68.0,3.0,Personal Auto,Four-Door Car,326.4
NY56352,Oregon,F,Bachelor,,23220.0,74.0,0.0,Personal Auto,Four-Door Car,251.334247
EA27048,California,F,High School or Below,,64125.0,108.0,0.0,Personal Auto,SUV,369.818708
UT38865,Oregon,F,College,,58042.0,62.0,0.0,Corporate Auto,Four-Door Car,161.419528
QC89139,Oregon,F,High School or Below,,90034.0,112.0,0.0,Corporate Auto,SUV,537.6
LA14484,Nevada,M,High School or Below,,27972.0,61.0,0.0,Special Auto,Four-Door Car,292.8
HN57556,California,F,High School or Below,,0.0,65.0,0.0,Personal Auto,Four-Door Car,312.0
CV31235,Arizona,M,Bachelor,,50989.0,80.0,0.0,Corporate Auto,Four-Door Car,255.999709
WR45726,Arizona,F,Bachelor,,11885.0,101.0,0.0,Special Auto,Four-Door Car,484.8
LB25094,California,F,Bachelor,,89451.0,63.0,0.0,Special Auto,Four-Door Car,61.769564
KW56110,Oregon,M,Bachelor,,0.0,182.0,0.0,Personal Auto,Luxury,1310.4
XO36233,Washington,M,Bachelor,,78904.0,109.0,0.0,Personal Auto,SUV,250.001424
ZX86243,Arizona,M,Doctor,,70247.0,83.0,1.0,Personal Auto,Four-Door Car,141.799422
DW29763,Arizona,M,High School or Below,,32653.0,67.0,0.0,Personal Auto,Two-Door Car,321.6
CT83377,Washington,M,High School or Below,,93595.0,97.0,4.0,Special Auto,Four-Door Car,49.797016
OQ90898,California,M,Master,,90279.0,115.0,0.0,Personal Auto,SUV,372.175592
GO77248,Oregon,F,College,,0.0,72.0,0.0,Personal Auto,Four-Door Car,542.14385
QW33258,California,M,Bachelor,,53310.0,189.0,3.0,Personal Auto,Luxury,1360.8
OU79745,California,M,College,,0.0,105.0,0.0,Personal Auto,Four-Door Car,504.0
VZ79886,Oregon,F,Bachelor,,22234.0,160.0,0.0,Personal Auto,SUV,768.0
FI92440,Washington,F,High School or Below,,91375.0,99.0,0.0,Personal Auto,Two-Door Car,72.632934
YG85980,Nevada,F,High School or Below,,22250.0,86.0,0.0,Personal Auto,Two-Door Car,720.601429
QM74621,Oregon,M,Bachelor,,0.0,80.0,0.0,Personal Auto,Four-Door Car,576.0
EI71732,Oregon,F,Doctor,,0.0,84.0,1.0,Personal Auto,Four-Door Car,481.025786
VN79010,California,F,High School or Below,,51179.0,71.0,0.0,Corporate Auto,Four-Door Car,466.176731
FI61723,California,M,Bachelor,,38667.0,72.0,0.0,Personal Auto,Four-Door Car,159.266473
OH55411,California,F,Master,,79487.0,114.0,0.0,Corporate Auto,SUV,547.2
TF10720,Nevada,F,Doctor,,67763.0,107.0,2.0,Personal Auto,Four-Door Car,41.283167
NW30838,Nevada,M,High School or Below,,0.0,62.0,2.0,Corporate Auto,Four-Door Car,503.808329
CB58476,Oregon,F,College,,0.0,71.0,0.0,Corporate Auto,Four-Door Car,859.599411
WI69346,California,F,Master,,71943.0,112.0,0.0,Corporate Auto,SUV,305.653785
FS76657,Oregon,F,College,,53526.0,68.0,0.0,Personal Auto,Four-Door Car,278.902846
YX89016,Oregon,M,College,,35005.0,295.0,0.0,Personal Auto,Luxury,1416.0
PK28821,California,M,College,,24721.0,67.0,0.0,Personal Auto,Four-Door Car,139.963594
MB51200,Washington,M,College,,0.0,102.0,2.0,Personal Auto,Four-Door Car,734.4
XG44587,Arizona,M,Master,,88997.0,72.0,0.0,Personal Auto,Four-Door Car,174.041566
FG91922,Arizona,M,Master,,48587.0,111.0,0.0,Personal Auto,SUV,532.8
OM99303,Arizona,F,High School or Below,,76310.0,67.0,0.0,Personal Auto,Two-Door Car,321.6
RV67546,California,M,Bachelor,,73205.0,92.0,0.0,Personal Auto,Four-Door Car,37.299865
UJ79253,Oregon,F,College,,51056.0,78.0,0.0,Personal Auto,Four-Door Car,95.816516
PN98247,California,M,College,,58414.0,210.0,2.0,Personal Auto,Luxury,1008.0
IB67546,California,F,Bachelor,,23940.0,107.0,0.0,Personal Auto,SUV,513.6
OE19087,California,F,High School or Below,,0.0,62.0,0.0,Personal Auto,Four-Door Car,446.4
CM95716,California,M,Bachelor,,44216.0,71.0,0.0,Personal Auto,Four-Door Car,72.205362
MW62634,California,M,High School or Below,,27972.0,61.0,0.0,Corporate Auto,Four-Door Car,292.8
QW67581,Arizona,F,High School or Below,,0.0,69.0,0.0,Personal Auto,Four-Door Car,331.2
SN16059,California,F,Master,,29305.0,66.0,0.0,Personal Auto,Four-Door Car,475.2
OE51254,California,F,College,,53882.0,69.0,0.0,Personal Auto,Four-Door Car,331.2
RM42344,Oregon,M,College,,91757.0,69.0,1.0,Personal Auto,Four-Door Car,331.2
GB35238,California,F,Bachelor,,33906.0,64.0,0.0,Personal Auto,Two-Door Car,401.592109
ML82674,Oregon,M,Bachelor,,68158.0,139.0,1.0,Personal Auto,SUV,253.183568
EI85244,California,M,College,,0.0,134.0,3.0,Personal Auto,SUV,643.2
DE28132,Oregon,M,College,,42165.0,123.0,0.0,Corporate Auto,SUV,799.673766
TV25678,Washington,M,College,,0.0,101.0,0.0,Personal Auto,SUV,727.2
TY26512,California,M,Doctor,,30817.0,88.0,0.0,Personal Auto,Four-Door Car,91.834668
OB69153,California,M,Bachelor,,68074.0,65.0,0.0,Personal Auto,Four-Door Car,27.987867
QZ77637,Washington,F,College,,84978.0,35353.0,1.0,Corporate Auto,Four-Door Car,166.77296
XN41715,California,F,Master,,71135.0,92.0,1.0,Personal Auto,Four-Door Car,270.563995
QR15857,California,F,College,,0.0,61.0,0.0,Personal Auto,Two-Door Car,292.8
FL69363,Oregon,M,Master,,37722.0,116.0,0.0,Personal Auto,Luxury,158.077504
IS30295,Arizona,F,Bachelor,,0.0,139.0,0.0,Personal Auto,SUV,667.2
WA25797,Washington,M,High School or Below,,95697.0,107.0,0.0,Personal Auto,Luxury,178.006524
NL59519,California,F,College,,64642.0,96.0,0.0,Personal Auto,Four-Door Car,404.265696
ZU93025,Oregon,F,College,,50071.0,71.0,0.0,Personal Auto,Two-Door Car,18.918935
DK94262,Oregon,M,High School or Below,,46754.0,106.0,1.0,Personal Auto,SUV,513.818403
UQ30615,California,M,College,,64801.0,64.0,0.0,Corporate Auto,Four-Door Car,268.471802
OR40060,Arizona,M,Bachelor,,70410.0,83.0,0.0,Personal Auto,Four-Door Car,131.828507
DK32872,Nevada,F,High School or Below,,66957.0,131.0,1.0,Personal Auto,SUV,628.8
FA46418,Nevada,F,High School or Below,,24213.0,78.0,1.0,Personal Auto,Four-Door Car,374.4
ER19995,Washington,F,College,,99790.0,6464.0,0.0,Personal Auto,Four-Door Car,178.986788
KI75855,Oregon,M,Master,,79751.0,63.0,0.0,Personal Auto,Two-Door Car,392.235698
ND41876,Arizona,M,High School or Below,,86122.0,182.0,1.0,Personal Auto,Luxury,873.6
PN21042,Arizona,M,Bachelor,,82297.0,116.0,0.0,Personal Auto,Luxury,0.382107
GJ43254,Washington,M,College,,89057.0,98.0,0.0,Corporate Auto,Two-Door Car,187.363583
AL46984,California,M,High School or Below,,43259.0,73.0,0.0,Personal Auto,Four-Door Car,350.4
JP58047,Oregon,M,College,,0.0,79.0,0.0,Personal Auto,Four-Door Car,379.2
ZE85014,California,M,College,,25064.0,62.0,0.0,Personal Auto,Four-Door Car,297.6
KU88219,Arizona,M,Master,,25816.0,119.0,0.0,Personal Auto,Luxury,571.2
UU98729,California,M,Bachelor,,0.0,73.0,0.0,Personal Auto,Four-Door Car,350.853987
WS82822,Oregon,F,College,,41662.0,69.0,0.0,Corporate Auto,Four-Door Car,217.973168
YB49933,Arizona,M,Bachelor,,96170.0,92.0,0.0,Personal Auto,Four-Door Car,441.6
XC16387,Arizona,F,High School or Below,,46072.0,64.0,0.0,Personal Auto,Four-Door Car,25.934064
XJ96748,Arizona,F,High School or Below,,37931.0,99.0,0.0,Personal Auto,Four-Door Car,475.2
TM98684,Oregon,M,High School or Below,,35127.0,62.0,0.0,Personal Auto,Four-Door Car,297.6
AY18433,Washington,F,High School or Below,,45473.0,76.0,0.0,Special Auto,Two-Door Car,188.938397
DM74502,Nevada,F,College,,93087.0,131.0,3.0,Corporate Auto,Luxury,628.8
FT56968,Arizona,M,High School or Below,,22398.0,67.0,2.0,Personal Auto,Four-Door Car,321.6
OX36896,California,M,High School or Below,,92983.0,87.0,1.0,Corporate Auto,Four-Door Car,153.205591
BZ65376,Arizona,M,Bachelor,,27689.0,239.0,2.0,Personal Auto,Luxury,2893.239678
LN34660,California,F,College,,69654.0,118.0,0.0,Corporate Auto,SUV,629.532731
JC29295,California,F,Bachelor,,80744.0,111.0,0.0,Personal Auto,SUV,361.284757
KJ87930,California,F,Bachelor,,0.0,112.0,0.0,Corporate Auto,SUV,1185.988301
XT36360,Arizona,F,High School or Below,,0.0,64.0,1.0,Personal Auto,Four-Door Car,460.8
IX35050,Arizona,M,Bachelor,,76358.0,66.0,0.0,Special Auto,Four-Door Car,86.461582
UN97379,Oregon,M,Bachelor,,18608.0,71.0,0.0,Corporate Auto,Four-Door Car,340.8
MR57294,California,M,High School or Below,,73168.0,70.0,0.0,Personal Auto,Four-Door Car,425.800112
UG79499,Washington,M,Bachelor,,70930.0,99.0,0.0,Personal Auto,Four-Door Car,190.43446
UA50747,Washington,F,High School or Below,,62262.0,72.0,0.0,Corporate Auto,Four-Door Car,193.505325
GL20444,Nevada,F,Master,,91474.0,113.0,0.0,Corporate Auto,Two-Door Car,24.087774
SP58110,California,F,Bachelor,,61469.0,63.0,5.0,Personal Auto,Four-Door Car,302.4
XM91635,Arizona,F,High School or Below,,16618.0,62.0,0.0,Special Auto,Four-Door Car,219.288706
TV82603,California,F,Bachelor,,48081.0,188.0,0.0,Personal Auto,Luxury,881.360959
BB82067,Oregon,M,Doctor,,67632.0,121.0,0.0,Personal Auto,Luxury,26.951627
JP94676,Oregon,F,Bachelor,,34115.0,119.0,0.0,Personal Auto,SUV,466.122541
VU53417,Arizona,M,High School or Below,,23051.0,99.0,0.0,Personal Auto,Two-Door Car,475.2
IW54795,California,M,College,,23748.0,99.0,0.0,Personal Auto,Four-Door Car,607.095655
RN78170,Arizona,F,College,,40589.0,69.0,0.0,Corporate Auto,Four-Door Car,331.2
IX55883,California,F,College,,50809.0,83.0,0.0,Personal Auto,Four-Door Car,290.381707
XM72420,Arizona,F,High School or Below,,66676.0,97.0,0.0,Personal Auto,Four-Door Car,558.099357
GC15104,Nevada,F,Bachelor,,52339.0,70.0,3.0,Corporate Auto,Four-Door Car,336.0
RX13282,Oregon,M,Bachelor,,14973.0,115.0,0.0,Personal Auto,SUV,828.0
QA85890,Arizona,F,High School or Below,,0.0,83.0,0.0,Corporate Auto,Four-Door Car,540.514115
IR62668,Arizona,F,Bachelor,,31546.0,65.0,0.0,Personal Auto,Four-Door Car,100.049832
AL96740,California,F,College,,67763.0,73.0,1.0,Personal Auto,Four-Door Car,59.861963
SS48498,Washington,F,College,,20836.0,79.0,0.0,Corporate Auto,Four-Door Car,193.57032
PE39479,Washington,M,College,,88592.0,76.0,0.0,Corporate Auto,Four-Door Car,199.79727
JH62891,Oregon,F,College,,66943.0,65.0,1.0,Special Auto,Four-Door Car,53.084753
FI20423,Arizona,F,High School or Below,,81872.0,115.0,0.0,Special Auto,Four-Door Car,256.43803
PM13394,Washington,F,College,,22404.0,70.0,1.0,Personal Auto,Four-Door Car,211.136067
YV67971,California,F,High School or Below,,21342.0,62.0,0.0,Personal Auto,Four-Door Car,74.350893
QD31377,California,M,Bachelor,,34621.0,108.0,1.0,Corporate Auto,SUV,621.464468
YG10247,Oregon,M,College,,62396.0,64.0,0.0,Personal Auto,Four-Door Car,307.2
FE73696,Oregon,M,High School or Below,,97212.0,93.0,0.0,Personal Auto,Two-Door Car,360.05589
SW19699,Arizona,F,Bachelor,,49648.0,70.0,0.0,Personal Auto,Four-Door Car,65.954813
QJ40732,Arizona,M,College,,97984.0,61.0,1.0,Personal Auto,Four-Door Car,407.450118
HM76207,California,F,College,,26308.0,114.0,0.0,Corporate Auto,SUV,547.2
NT59303,Oregon,F,College,,63528.0,256.0,0.0,Personal Auto,Luxury,1228.8
PU41393,Nevada,M,College,,20225.0,114.0,1.0,Special Auto,SUV,547.2
QO86948,Nevada,M,High School or Below,,0.0,112.0,0.0,Personal Auto,SUV,806.4
QN10888,Oregon,F,High School or Below,,87620.0,64.0,0.0,Personal Auto,Four-Door Car,24.063693
VY19543,California,F,Bachelor,,0.0,72.0,0.0,Corporate Auto,Four-Door Car,311.329282
XC15133,Nevada,F,Master,,34990.0,65.0,0.0,Personal Auto,Four-Door Car,42.689135
ST43550,Oregon,M,Bachelor,,99934.0,71.0,0.0,Special Auto,Four-Door Car,460.323855
FX36546,Washington,M,Master,,60804.0,92.0,0.0,Personal Auto,Four-Door Car,213.225001
JX68983,Oregon,M,Bachelor,,94648.0,69.0,0.0,Personal Auto,Four-Door Car,331.2
HX78576,California,F,High School or Below,,24516.0,71.0,0.0,Personal Auto,Four-Door Car,300.607591
ZQ11381,Arizona,M,Bachelor,,61063.0,85.0,0.0,Personal Auto,Four-Door Car,262.504882
ON39271,California,M,Master,,0.0,74.0,0.0,Personal Auto,Two-Door Car,263.365432
SB18278,Oregon,M,Bachelor,,0.0,64.0,0.0,Corporate Auto,Four-Door Car,307.2
ZT30559,California,F,High School or Below,,15169.0,63.0,0.0,Personal Auto,Four-Door Car,302.4
XI41106,Arizona,M,College,,55390.0,71.0,0.0,Corporate Auto,Two-Door Car,256.268091
ZS88847,Oregon,F,Bachelor,,27592.0,62.0,0.0,Personal Auto,Four-Door Car,297.6
RU49126,Washington,F,College,,61846.0,112.0,0.0,Personal Auto,SUV,215.8182
KR62797,Arizona,F,High School or Below,,83297.0,113.0,0.0,Personal Auto,SUV,542.4
ZJ73220,Arizona,F,College,,0.0,188.0,0.0,Special Auto,Luxury,1353.6
FY62633,Oregon,M,Bachelor,,0.0,90.0,0.0,Personal Auto,Four-Door Car,432.0
CU36986,California,F,High School or Below,,55897.0,104.0,0.0,Personal Auto,Four-Door Car,499.2
WZ53904,Arizona,M,Bachelor,,21297.0,71.0,0.0,Personal Auto,Four-Door Car,45.507952
AA71604,Arizona,F,Master,,87560.0,98.0,1.0,Personal Auto,Two-Door Car,470.4
TD10493,Oregon,F,High School or Below,,0.0,96.0,4.0,Personal Auto,Four-Door Car,691.2
LY97989,Oregon,F,Bachelor,,0.0,85.0,0.0,Personal Auto,Four-Door Car,408.0
VX39856,Arizona,F,Doctor,,89398.0,86.0,0.0,Personal Auto,Four-Door Car,82.409922
TP51897,California,F,College,,36843.0,68.0,3.0,Corporate Auto,Four-Door Car,357.642982
QQ89253,Oregon,F,College,,0.0,134.0,0.0,Personal Auto,SUV,643.2
EI91403,California,M,High School or Below,,34946.0,65.0,0.0,Personal Auto,Two-Door Car,420.35698
QG15435,Arizona,F,College,,75680.0,78.0,0.0,Personal Auto,Four-Door Car,136.787725
FZ55002,Nevada,F,Doctor,,0.0,69.0,0.0,Personal Auto,Four-Door Car,331.2
HX77930,Washington,F,College,,49532.0,79.0,1.0,Personal Auto,Four-Door Car,220.186677
UN37063,Arizona,M,Bachelor,,10269.0,65.0,0.0,Personal Auto,Two-Door Car,170.798204
VB87946,California,M,College,,49714.0,63.0,3.0,Personal Auto,Four-Door Car,266.165535
AB60627,California,M,High School or Below,,77517.0,129.0,0.0,Corporate Auto,SUV,98.921782
TA34903,Oregon,M,High School or Below,,81082.0,73.0,0.0,Personal Auto,Four-Door Car,281.295903
AQ51368,Oregon,F,Bachelor,,72540.0,88.0,0.0,Corporate Auto,Two-Door Car,631.743039
NZ26102,Oregon,F,High School or Below,,0.0,65.0,0.0,Personal Auto,Four-Door Car,468.0
GB45753,California,M,High School or Below,,61546.0,68.0,0.0,Corporate Auto,Two-Door Car,29.209521
BV79904,California,F,Master,,44818.0,67.0,1.0,Personal Auto,Two-Door Car,136.883999
OB49075,Arizona,M,Bachelor,,17622.0,65.0,1.0,Personal Auto,Four-Door Car,312.0
DS97676,Oregon,F,College,,0.0,72.0,0.0,Personal Auto,Four-Door Car,518.4
JO63462,California,M,Bachelor,,79797.0,84.0,0.0,Corporate Auto,Two-Door Car,31.755601
NJ10602,Washington,F,College,,92717.0,70.0,0.0,Personal Auto,Two-Door Car,224.27582
RS24501,Oregon,F,College,,28919.0,173.0,0.0,Personal Auto,SUV,830.4
VT78274,Arizona,M,College,,0.0,68.0,0.0,Personal Auto,Four-Door Car,480.159011
SU56153,Nevada,M,Bachelor,,63568.0,65.0,0.0,Corporate Auto,Two-Door Car,390.792553
MN20737,Nevada,F,College,,73935.0,64.0,1.0,Corporate Auto,Four-Door Car,72.071195
KL43114,Arizona,F,High School or Below,,0.0,66.0,0.0,Corporate Auto,Two-Door Car,316.8
YQ15567,Oregon,F,Bachelor,,18846.0,115.0,0.0,Personal Auto,SUV,552.0
TR88637,Arizona,F,High School or Below,,38893.0,103.0,0.0,Personal Auto,SUV,41.965252
TC88986,Oregon,M,High School or Below,,0.0,153.0,0.0,Special Auto,SUV,1027.000029
XX88577,California,M,Bachelor,,84824.0,196.0,0.0,Corporate Auto,SUV,319.820747
NE49052,California,F,High School or Below,,20068.0,86.0,0.0,Corporate Auto,Four-Door Car,411.011162
KX17826,Oregon,M,Doctor,,0.0,125.0,0.0,Corporate Auto,SUV,600.0
CC91503,Arizona,F,High School or Below,,0.0,135.0,0.0,Personal Auto,Luxury,648.0
WH32183,California,M,Bachelor,,97245.0,70.0,0.0,Personal Auto,Four-Door Car,4.110585
ES90681,California,F,College,,51808.0,61.0,1.0,Personal Auto,Four-Door Car,351.149904
DW96592,California,M,Bachelor,,71391.0,67.0,0.0,Personal Auto,Four-Door Car,284.000172
MT23134,Oregon,M,High School or Below,,0.0,73.0,0.0,Personal Auto,Two-Door Car,496.474767
BM69081,Arizona,M,Bachelor,,0.0,100.0,0.0,Personal Auto,SUV,925.137143
MB90871,Oregon,F,College,,23496.0,77.0,0.0,Special Auto,Four-Door Car,13.164097
GT62080,Washington,M,High School or Below,,55561.0,63.0,0.0,Personal Auto,Four-Door Car,227.872071
QL77686,Nevada,F,College,,23986.0,119.0,0.0,Corporate Auto,SUV,463.335061
ON77827,Arizona,F,Master,,22974.0,71.0,0.0,Personal Auto,Four-Door Car,180.667969
KP18988,Oregon,F,High School or Below,,0.0,101.0,0.0,Personal Auto,Four-Door Car,484.8
TI92884,Arizona,M,Bachelor,,61844.0,106.0,0.0,Personal Auto,Luxury,508.8
JH73503,Arizona,M,Doctor,,24804.0,73.0,0.0,Personal Auto,Two-Door Car,350.4
YE97964,California,F,Bachelor,,27760.0,104.0,0.0,Personal Auto,SUV,302.764283
VA30351,Oregon,F,High School or Below,,74454.0,71.0,0.0,Personal Auto,Four-Door Car,340.8
PV55726,Oregon,F,Master,,29462.0,107.0,1.0,Personal Auto,SUV,513.6
UC88305,Arizona,F,College,,52266.0,68.0,0.0,Corporate Auto,Two-Door Car,141.922839
TS53809,Oregon,M,Bachelor,,0.0,70.0,0.0,Personal Auto,Two-Door Car,349.783046
ZV32120,California,M,Doctor,,23599.0,103.0,0.0,Corporate Auto,SUV,494.4
FB80807,Oregon,M,Bachelor,,36088.0,72.0,0.0,Personal Auto,Four-Door Car,345.6
AS55677,California,F,High School or Below,,70534.0,104.0,0.0,Personal Auto,Four-Door Car,54.065538
WA15684,Oregon,M,College,,27398.0,125.0,1.0,Personal Auto,SUV,600.0
SA50567,Nevada,M,Bachelor,,85296.0,68.0,0.0,Personal Auto,Four-Door Car,342.515136
KJ31611,Arizona,M,High School or Below,,31063.0,92.0,0.0,Personal Auto,Four-Door Car,441.6
VL37375,California,M,Bachelor,,0.0,92.0,0.0,Personal Auto,Two-Door Car,1027.177255
KN21017,Nevada,M,High School or Below,,52367.0,81.0,0.0,Personal Auto,Four-Door Car,275.989978
PX44289,Arizona,M,College,,58651.0,71.0,0.0,Personal Auto,Four-Door Car,472.599683
AM97901,Nevada,F,College,,84831.0,192.0,0.0,Special Auto,Luxury,1336.931716
RE42925,Oregon,M,Bachelor,,49088.0,114.0,1.0,Corporate Auto,SUV,547.2
TR81766,California,F,College,,70263.0,93.0,0.0,Corporate Auto,Two-Door Car,7.345946
CH85057,Oregon,F,Doctor,,45354.0,285.0,0.0,Personal Auto,Luxury,540.141566
UP71482,Arizona,M,High School or Below,,0.0,63.0,0.0,Personal Auto,Four-Door Car,383.363758
EG40670,California,F,Bachelor,,28334.0,83.0,0.0,Special Auto,Four-Door Car,537.765151
HV83672,Oregon,F,Bachelor,,38772.0,90.0,0.0,Personal Auto,Four-Door Car,321.873474
MG10140,Oregon,F,College,,41479.0,94.0,1.0,Personal Auto,Two-Door Car,19.575683
TC44716,California,M,Bachelor,,23909.0,119.0,0.0,Personal Auto,SUV,571.2
QO65264,California,M,College,,48328.0,63.0,0.0,Personal Auto,Two-Door Car,108.138715
EB66698,California,M,High School or Below,,86689.0,85.0,0.0,Corporate Auto,Two-Door Car,408.0
OT52034,California,M,Bachelor,,24204.0,99.0,1.0,Personal Auto,Four-Door Car,707.303416
CH85444,Oregon,M,College,,25943.0,110.0,0.0,Corporate Auto,Two-Door Car,1067.333126
PU85769,California,M,High School or Below,,0.0,73.0,0.0,Personal Auto,Four-Door Car,807.947292
UI73201,California,M,College,,62375.0,92.0,0.0,Personal Auto,Two-Door Car,618.630955
SL50592,California,F,High School or Below,,0.0,71.0,0.0,Corporate Auto,Four-Door Car,404.272806
XP11075,Arizona,M,Bachelor,,0.0,148.0,0.0,Personal Auto,SUV,710.4
SI31236,Oregon,M,Bachelor,,70200.0,65.0,0.0,Corporate Auto,Four-Door Car,312.0
JN26745,Nevada,F,Bachelor,,0.0,112.0,0.0,Special Auto,Four-Door Car,707.977614
VK48036,Oregon,F,College,,79027.0,70.0,0.0,Corporate Auto,Four-Door Car,336.0
JX76668,Washington,F,High School or Below,,62935.0,141.0,0.0,Personal Auto,Luxury,232.242326
DS45802,California,F,High School or Below,,26893.0,68.0,0.0,Personal Auto,Four-Door Car,68.226001
OA96690,Oregon,F,High School or Below,,47406.0,94.0,1.0,Personal Auto,Four-Door Car,287.149807
EM27919,California,M,Bachelor,,17622.0,65.0,1.0,Personal Auto,Four-Door Car,312.0
QO41043,Oregon,F,College,,27572.0,124.0,0.0,Corporate Auto,SUV,595.2
OV50124,Oregon,F,College,,0.0,72.0,2.0,Personal Auto,Two-Door Car,391.636628
PR31642,Oregon,F,Bachelor,,32802.0,114.0,0.0,Personal Auto,SUV,547.2
BU41599,Washington,F,Master,,62739.0,70.0,0.0,Personal Auto,Two-Door Car,239.328571
TK30357,California,F,Bachelor,,90844.0,118.0,0.0,Personal Auto,SUV,232.674417
NF31087,Nevada,F,High School or Below,,44685.0,69.0,0.0,Personal Auto,Four-Door Car,331.2
NH16984,California,F,Bachelor,,0.0,80.0,0.0,Personal Auto,Four-Door Car,336.50961
OS75493,California,F,High School or Below,,42589.0,98.0,0.0,Corporate Auto,Four-Door Car,470.4
VT63298,Oregon,M,Bachelor,,0.0,72.0,0.0,Personal Auto,Four-Door Car,345.6
